소스,사업명,주관부처,마감일,상세링크,수집일시
교육부_사업공고,(공고) 2026년 교원양성기관 교육과정 개발 지원 사업 선정 공고,교육부,2026-06-01,https://www.moe.go.kr/boardCnts/view.do?boardID=72761&boardSeq=72761,2026-09-21 06:20
교육부_사업공고,제9회 세계인문학포럼(2027) 공동개최 지방자치단체 공모,교육부,2026-06-04,https://www.moe.go.kr/boardCnts/view.do?boardID=72761&boardSeq=72761,2026-09-21 06:20
교육부_사업공고,2026년도 학술지 지원사업 신규 과제 공모,교육부,2026-06-08,https://www.moe.go.kr/boardCnts/view.do?boardID=72761&boardSeq=72761,2026-09-21 06:20
교육부_공지사항,2026년 초·중등 진로교육 현황 조사 실시,교육부,2026-06-08,https://www.moe.go.kr/boardCnts/view.do?boardID=316&boardSeq=106385,2026-09-21 06:20
교육부_공지사항,귀국학생 등의 학적서류 처리절차 간소화대상 학교목록(2026.6.8.기준),교육부,2026-06-09,https://www.moe.go.kr/boardCnts/view.do?boardID=316&boardSeq=106399,2026-09-21 06:20
교육부_사업공고,취학 관리 업무 내실화 지원 사업 위탁기관 선정 결과 알림,교육부,2026-06-11,https://www.moe.go.kr/boardCnts/view.do?boardID=72761&boardSeq=72761,2026-09-21 06:20
교육부_사업공고,2022 개정 교육과정에 따른 초등 5~6학년 도덕과 국정도서 편찬 사업 계약 체결 현황 공개,교육부,2026-06-11,https://www.moe.go.kr/boardCnts/view.do?boardID=72761&boardSeq=72761,2026-09-21 06:20
교육부_사업공고,2022 개정 교육과정에 따른 초등 5~6학년 국어과 국정도서 편찬 사업 계약 체결 현황 공개,교육부,2026-06-11,https://www.moe.go.kr/boardCnts/view.do?boardID=72761&boardSeq=72761,2026-09-21 06:20
교육부_사업공고,2026 농어촌 참 좋은 학교 공모전 공고,교육부,2026-06-15,https://www.moe.go.kr/boardCnts/view.do?boardID=72761&boardSeq=72761,2026-09-21 06:20
교육부_사업공고,2026년도 신규 병역지정업체(대학연구기관) 신청 및 2027년도 필요인원 신청 공고,교육부,2026-06-17,https://www.moe.go.kr/boardCnts/view.do?boardID=72761&boardSeq=72761,2026-09-21 06:20
교육부_공지사항,귀국학생 등의 학적서류 처리절차 간소화대상 학교목록(2026.6.16.기준),교육부,2026-06-17,https://www.moe.go.kr/boardCnts/view.do?boardID=316&boardSeq=106476,2026-09-21 06:20
교육부_사업공고,2025년도 민간위탁사무(사업비 320-02) 계약체결 현황,교육부,2026-06-19,https://www.moe.go.kr/boardCnts/view.do?boardID=72761&boardSeq=72761,2026-09-21 06:20
K-Startup,2026년 「지역 IP-IR 네트워킹데이」 투자멘토단 Pool 모집 공고,한국발명진흥회,2026-06-23,https://www.k-startup.go.kr/web/contents/bizpbanc-ongoing.do?schM=view&pbancSn=178197,2026-09-21 06:20
교육부_사업공고,「2026년도 APEC 학술교류 프로그램 사업」공고,교육부,2026-06-23,https://www.moe.go.kr/boardCnts/view.do?boardID=72761&boardSeq=72761,2026-09-21 06:20
교육부_사업공고,2026년도 민간위탁사무(교육시설통합정보망 구축 및 운영) 계약체결 현황 공개,교육부,2026-06-24,https://www.moe.go.kr/boardCnts/view.do?boardID=72761&boardSeq=72761,2026-09-21 06:20
교육부_사업공고,2026년 이공분야 학술단체지원 사업 계약 체결 현황 공개,교육부,2026-06-25,https://www.moe.go.kr/boardCnts/view.do?boardID=72761&boardSeq=72761,2026-09-21 06:20
교육부_사업공고,고등교육 프로그램 평가·인증 인정기관 정부지정 공고(한국경영교육인증원),교육부,2026-06-25,https://www.moe.go.kr/boardCnts/view.do?boardID=72761&boardSeq=72761,2026-09-21 06:20
교육부_사업공고,2022 개정 교육과정에 따른 초등 1~2학년 통합교과(건강한 생활) 편찬 사업 계약 체결 현황 공개,교육부,2026-06-25,https://www.moe.go.kr/boardCnts/view.do?boardID=72761&boardSeq=72761,2026-09-21 06:20
교육부_사업공고,2022 개정 교육과정에 따른 초등 1~2학년 통합교과(바른 생활?슬기로운 생활?즐거운 생활) 편찬 사업 계약 체결 현황 공개,교육부,2026-06-25,https://www.moe.go.kr/boardCnts/view.do?boardID=72761&boardSeq=72761,2026-09-21 06:20
교육부_사업공고,2026년도 교육국제화특구 추진실적 평가 및 지원 민간위탁 사업 계약 체결 현황 공개,교육부,2026-06-25,https://www.moe.go.kr/boardCnts/view.do?boardID=72761&boardSeq=72761,2026-09-21 06:20
K-Startup,<2026년 유럽 현지 검증 프로그램> 참여 기업 모집 (~26.6.26.11시),충북대학교 충북Pro메이커센터,2026-06-26,https://www.k-startup.go.kr/web/contents/bizpbanc-ongoing.do?schM=view&pbancSn=178202,2026-09-21 06:20
K-Startup,2026년 현대백화점 협업 팝업스토어 뷰티 입점기업 모집공고,한국중소벤처기업유통원,2026-06-26,https://www.k-startup.go.kr/web/contents/bizpbanc-ongoing.do?schM=view&pbancSn=178190,2026-09-21 06:20
K-Startup,「2026년 스타트업 법률지원사업 제1차 법률상담회」 참여기업 모집 안내,창업진흥원 원스톱지원실,2026-06-28,https://www.k-startup.go.kr/web/contents/bizpbanc-ongoing.do?schM=view&pbancSn=178231,2026-09-21 06:20
K-Startup,「2026 기후에너지 혁신상 모집공고」참여기업 모집,한국에너지공단,2026-06-28,https://www.k-startup.go.kr/web/contents/bizpbanc-ongoing.do?schM=view&pbancSn=178257,2026-09-21 06:20
K-Startup,[킹고스프링] KINGO LIPS SPRINGBOARD PROGRAM 3기 모집공고,주식회사 킹고스프링,2026-06-29,https://www.k-startup.go.kr/web/contents/bizpbanc-ongoing.do?schM=view&pbancSn=178191,2026-09-21 06:20
K-Startup,「민관협력 오픈이노베이션 지원」 2026년 제2차 방산 스타트업 챌린지(모두의 챌린지–방산) 수요기업 협업 과제 모집 수정(2차) 공고,중소벤처기업부장관,2026-06-29,https://www.k-startup.go.kr/web/contents/bizpbanc-ongoing.do?schM=view&pbancSn=178227,2026-09-21 06:20
교육부_사업공고,2026년 국립대학 양성평등 추진실적 평가 및 지원 사업 계약 체결 현황 공개,교육부,2026-06-29,https://www.moe.go.kr/boardCnts/view.do?boardID=72761&boardSeq=72761,2026-09-21 06:20
K-Startup,「2026년 디지털 기업 창업·투자 및 글로벌 역량강화」프로그램 참가기업 모집공고(연장),(주)비티비벤처스,2026-06-29,https://www.k-startup.go.kr/web/contents/bizpbanc-ongoing.do?schM=view&pbancSn=178245,2026-09-21 06:20
교육부_사업공고,2026년도 민간위탁사무(NCS 학습모듈 개발 및 개선사업) 계약 체결 현황,교육부,2026-06-29,https://www.moe.go.kr/boardCnts/view.do?boardID=72761&boardSeq=72761,2026-09-21 06:20
교육부_사업공고,2026년도 국가연구소(NRL 2.0) 신규과제 선정결과,교육부,2026-06-29,https://www.moe.go.kr/boardCnts/view.do?boardID=72761&boardSeq=72761,2026-09-21 06:20
K-Startup,2026 포스트팁스 오픈이노베이션 「키-링(KI-RING)」,탭엔젤파트너스,2026-06-30,https://www.k-startup.go.kr/web/contents/bizpbanc-ongoing.do?schM=view&pbancSn=178254,2026-09-21 06:20
K-Startup,앵커(구.RISE) G7 투자 IR 고도화 컨설팅,혁신스타트업지원센터,2026-06-30,https://www.k-startup.go.kr/web/contents/bizpbanc-ongoing.do?schM=view&pbancSn=178251,2026-09-21 06:20
K-Startup,2026 중국 강소성 인재혁신창업대회 아시아지역 예선전(서울) 참여기업 모집,주식회사 플린토파트너스,2026-06-30,https://www.k-startup.go.kr/web/contents/bizpbanc-ongoing.do?schM=view&pbancSn=178209,2026-09-21 06:20
K-Startup,2026 투자유치 IR 밸류업 프로그램 참가기업 모집,단국대학교 천안캠퍼스 산학협력단,2026-06-30,https://www.k-startup.go.kr/web/contents/bizpbanc-ongoing.do?schM=view&pbancSn=178271,2026-09-21 06:20
교육부_사업공고,2026년 민간위탁사무(대학정보공시 제도 운영 사업) 계약체결 현황 공개,교육부,2026-06-30,https://www.moe.go.kr/boardCnts/view.do?boardID=72761&boardSeq=72761,2026-09-21 06:20
교육부_사업공고,2026년 민간위탁사무(교육기관 졸업자 취업통계조사사업) 계약체결 현황 공개,교육부,2026-06-30,https://www.moe.go.kr/boardCnts/view.do?boardID=72761&boardSeq=72761,2026-09-21 06:20
교육부_사업공고,2026년 민간위탁사무(교육기본통계조사관리사업) 계약 체결 현황 공개,교육부,2026-06-30,https://www.moe.go.kr/boardCnts/view.do?boardID=72761&boardSeq=72761,2026-09-21 06:20
교육부_사업공고,2026년 민간위탁사무(민간자격 등록관리) 계약 체결 현황 공개,교육부,2026-06-30,https://www.moe.go.kr/boardCnts/view.do?boardID=72761&boardSeq=72761,2026-09-21 06:20
교육부_사업공고,2026년 제2차 학교복합시설 공모사업 공고,교육부,2026-06-30,https://www.moe.go.kr/boardCnts/view.do?boardID=72761&boardSeq=72761,2026-09-21 06:20
교육부_사업공고,민간위탁사무(어린이집 근무 사회복무요원 교육 사업) 계약체결 현황 공개,교육부,2026-06-30,https://www.moe.go.kr/boardCnts/view.do?boardID=72761&boardSeq=72761,2026-09-21 06:20
K-Startup,「CES 2027 대전통합관」전시 참가기업 모집 연장 공고,(재)대전창조경제혁신센터,2026-07-01,https://www.k-startup.go.kr/web/contents/bizpbanc-ongoing.do?schM=view&pbancSn=178205,2026-09-21 06:20
K-Startup,2026 글로벌 공공조달 DX·AX 혁신 리더 과정(1기) 세미나 모집,(주)글로벌창업연구소,2026-07-01,https://www.k-startup.go.kr/web/contents/bizpbanc-ongoing.do?schM=view&pbancSn=178220,2026-09-21 06:20
K-Startup,2026년 한국지역난방공사 5060 세컨드 챌린지 시니어 인턴십 참여기관 모집,함께일하는재단,2026-07-01,https://www.k-startup.go.kr/web/contents/bizpbanc-ongoing.do?schM=view&pbancSn=178314,2026-09-21 06:20
K-Startup,전북콘텐츠기업지원센터(추경) 2026 콘텐츠 제작지원사업,(재)전북특별자치도 콘텐츠융합진흥원,2026-07-02,https://www.k-startup.go.kr/web/contents/bizpbanc-ongoing.do?schM=view&pbancSn=178207,2026-09-21 06:20
K-Startup,[창업 교육] 스타트업 기업가치 평가(밸류에이션) 가이드라인,광진경제허브센터,2026-07-02,https://www.k-startup.go.kr/web/contents/bizpbanc-ongoing.do?schM=view&pbancSn=178213,2026-09-21 06:20
K-Startup,2026년 울산 창업 L(Learn) 시리즈(연구) 모집 공고(3차),울산과학기술원 총장,2026-07-02,https://www.k-startup.go.kr/web/contents/bizpbanc-ongoing.do?schM=view&pbancSn=178244,2026-09-21 06:20
K-Startup,2026 글로벌 공공조달 AX 전략 전문가 과정 모집,(주)글로벌창업연구소,2026-07-03,https://www.k-startup.go.kr/web/contents/bizpbanc-ongoing.do?schM=view&pbancSn=178221,2026-09-21 06:20
K-Startup,해양과학기술 산학연 협력센터 스타트업 2차 모집공고,(재)부산테크노파크,2026-07-03,https://www.k-startup.go.kr/web/contents/bizpbanc-ongoing.do?schM=view&pbancSn=178239,2026-09-21 06:20
K-Startup,2026년 오픈데이터포럼(ODF) 공공데이터·AI 활용 리빙랩 프로젝트,한국지능정보사회진흥,2026-07-03,https://www.k-startup.go.kr/web/contents/bizpbanc-ongoing.do?schM=view&pbancSn=178240,2026-09-21 06:20
K-Startup,2026년 스타트업 테크 브릿지 참여기업 모집공고,군포산업진흥원장,2026-07-03,https://www.k-startup.go.kr/web/contents/bizpbanc-ongoing.do?schM=view&pbancSn=178246,2026-09-21 06:20
K-Startup,2026년 건국대학교 캠퍼스타운 입주기업 추가 모집,건국대학교 RISE사업단 캠퍼스타운사업본부,2026-07-03,https://www.k-startup.go.kr/web/contents/bizpbanc-ongoing.do?schM=view&pbancSn=178201,2026-09-21 06:20
K-Startup,[창업] 창업가를 위한 사업모델 설계 워크숍,마포청년창업취업지원센터 나루,2026-07-03,https://www.k-startup.go.kr/web/contents/bizpbanc-ongoing.do?schM=view&pbancSn=178260,2026-09-21 06:20
K-Startup,「2026년 구미시 스타트업 해외시장 개척 지원사업」 글로벌(CES 2027) 진출 창업기업 모집 재공고,구미전자정보기술원,2026-07-03,https://www.k-startup.go.kr/web/contents/bizpbanc-ongoing.do?schM=view&pbancSn=178276,2026-09-21 06:20
K-Startup,2026년 글로벌화 사전검증 지원사업,대전창조경제혁신센터,2026-07-03,https://www.k-startup.go.kr/web/contents/bizpbanc-ongoing.do?schM=view&pbancSn=178282,2026-09-21 06:20
K-Startup,서울 명장 협업랩 교육생 모집 공고,서울시 강동가죽제조지원센터,2026-07-05,https://www.k-startup.go.kr/web/contents/bizpbanc-ongoing.do?schM=view&pbancSn=178361,2026-09-21 06:20
K-Startup,서울글로벌센터 전문가 자문위원 추가 모집 공고,Seoul Global Center,2026-07-05,https://www.k-startup.go.kr/web/contents/bizpbanc-ongoing.do?schM=view&pbancSn=178266,2026-09-21 06:20
K-Startup,2026 생활발명코리아 시제품 제작 수행사 모집,(사)한국여성발명협회,2026-07-05,https://www.k-startup.go.kr/web/contents/bizpbanc-ongoing.do?schM=view&pbancSn=178296,2026-09-21 06:20
K-Startup,G-오픈이노베이션 챌린지,주관기관,2026-07-05,https://www.k-startup.go.kr/web/contents/bizpbanc-ongoing.do?schM=view&pbancSn=178280,2026-09-21 06:20
K-Startup,[브라질] 미래차·모빌리티 기업 대상 브라질 진출 프로그램 참여기업 모집(~7/5),벤처기업협회,2026-07-05,https://www.k-startup.go.kr/web/contents/bizpbanc-ongoing.do?schM=view&pbancSn=178229,2026-09-21 06:20
K-Startup,2026년 민간 산림복지 창업·성장 패키지 “FOR:GROW [초기창업패키지],한국산림복지진흥원,2026-07-06,https://www.k-startup.go.kr/web/contents/bizpbanc-ongoing.do?schM=view&pbancSn=178411,2026-09-21 06:20
교육부_공지사항,2026년 폐교재산 활용 현황,교육부,2026-07-06,https://www.moe.go.kr/boardCnts/view.do?boardID=316&boardSeq=106642,2026-09-21 06:20
K-Startup,2026 충북 이차전지 오픈이노베이션 커넥트 데이 참가 안내,충북창조경제혁신센터,2026-07-06,https://www.k-startup.go.kr/web/contents/bizpbanc-ongoing.do?schM=view&pbancSn=178316,2026-09-21 06:20
K-Startup,2026 대구특구 이노폴리스캠퍼스 지원사업 모집 연장 공고(액셀러레이팅 지원),씨엔티테크 주식회사,2026-07-06,https://www.k-startup.go.kr/web/contents/bizpbanc-ongoing.do?schM=view&pbancSn=178228,2026-09-21 06:20
K-Startup,2026년 sba X GCCEI Dip-Spot 오픈이노베이션 in 광주 1:1밋업 모집,서울경제진흥원 초격차기업육성팀,2026-07-06,https://www.k-startup.go.kr/web/contents/bizpbanc-ongoing.do?schM=view&pbancSn=178236,2026-09-21 06:20
K-Startup,2026 Station C 성장자립지원 'Station C Demo-Day' 참여기업 모집,한림대학교 창업지원본부,2026-07-06,https://www.k-startup.go.kr/web/contents/bizpbanc-ongoing.do?schM=view&pbancSn=178305,2026-09-21 06:20
K-Startup,AI 툴 활용 창업 실무ㆍ안전한 계약서 작성법 교육,한양대학교 ERICA 산학협력단,2026-07-06,https://www.k-startup.go.kr/web/contents/bizpbanc-ongoing.do?schM=view&pbancSn=178378,2026-09-21 06:20
K-Startup,2026년 제2차 고양창업브릿지(중장년) 신규 입주자 모집 공고,고양산업진흥원,2026-07-07,https://www.k-startup.go.kr/web/contents/bizpbanc-ongoing.do?schM=view&pbancSn=178270,2026-09-21 06:20
K-Startup,「2026 리스크 대응 섬유패션 원부자재 공동 비축 시스템 구축사업」 참여기업 모집공고,(사)부산섬유패션산업연합회,2026-07-07,https://www.k-startup.go.kr/web/contents/bizpbanc-ongoing.do?schM=view&pbancSn=178248,2026-09-21 06:20
교육부_사업공고,2026년도 한국학진흥 사업 재공고,교육부,2026-07-07,https://www.moe.go.kr/boardCnts/view.do?boardID=72761&boardSeq=72761,2026-09-21 06:20
K-Startup,"2026년 「창업도시 조성 프로젝트」 창업기업 모집 통합공고(투자연계형 창업패키지, 지역창업패키지)",중소벤처기업부,2026-07-07,https://www.k-startup.go.kr/web/contents/bizpbanc-ongoing.do?schM=view&pbancSn=178194,2026-09-21 06:20
K-Startup,2026년 대구콘텐츠코리아랩 콘텐츠 스타트업 부스트업 지원사업 참가기업 모집공고,대구디지털혁신진흥원,2026-07-07,https://www.k-startup.go.kr/web/contents/bizpbanc-ongoing.do?schM=view&pbancSn=178250,2026-09-21 06:20
K-Startup,2026년 7월 크립톤 IR피칭 & 오피스아워 신청 접수,(주)크립톤 부산센터,2026-07-07,https://www.k-startup.go.kr/web/contents/bizpbanc-ongoing.do?schM=view&pbancSn=178395,2026-09-21 06:20
K-Startup,2026 마포비즈니스센터 3차 신규입주기업 모집,마포비즈니스센터,2026-07-07,https://www.k-startup.go.kr/web/contents/bizpbanc-ongoing.do?schM=view&pbancSn=178321,2026-09-21 06:20
K-Startup,2026 서울창업허브 미국(보스턴) 바이오/헬스케어 액셀러레이팅 프로그램 참가기업 모집[연장],서울경제진흥원,2026-07-07,https://www.k-startup.go.kr/web/contents/bizpbanc-ongoing.do?schM=view&pbancSn=178318,2026-09-21 06:20
K-Startup,[창업진흥원] 2026 SVC Seoul 멤버십(확장형) 2차 모집공고,창업진흥원장,2026-07-08,https://www.k-startup.go.kr/web/contents/bizpbanc-ongoing.do?schM=view&pbancSn=178237,2026-09-21 06:20
K-Startup,2026년 의왕시 창업지원공간 유니콘로드(1인창조기업지원센터) 신규 입주자 추가모집 공고,의 왕시장,2026-07-08,https://www.k-startup.go.kr/web/contents/bizpbanc-ongoing.do?schM=view&pbancSn=178391,2026-09-21 06:20
K-Startup,2026년 IP창업Zone 34기 교육 교육생 모집,창원상공회의소(경남지식재산센터),2026-07-08,https://www.k-startup.go.kr/web/contents/bizpbanc-ongoing.do?schM=view&pbancSn=178216,2026-09-21 06:20
K-Startup,2026년 세종지식재산센터 IP창업존 30기 교육생 모집,한국발명진흥회 세종지부,2026-07-08,https://www.k-startup.go.kr/web/contents/bizpbanc-ongoing.do?schM=view&pbancSn=178255,2026-09-21 06:20
K-Startup,「2026 업사이클·친환경 창업경진대회」 참가자 모집 재공고,광명업사이클아트센터,2026-07-08,https://www.k-startup.go.kr/web/contents/bizpbanc-ongoing.do?schM=view&pbancSn=178393,2026-09-21 06:20
K-Startup,2026 게임콘텐츠 전문인력 양성 교육 일반과정 교육생 모집,(재)전북특별자치도 콘텐츠융합진흥원,2026-07-08,https://www.k-startup.go.kr/web/contents/bizpbanc-ongoing.do?schM=view&pbancSn=178288,2026-09-21 06:20
K-Startup,2026년 초기창업패키지 Bridge to Vietnam 참가기업 모집공고(베트남 현지 방문 프로그램),씨엔티테크(주),2026-07-08,https://www.k-startup.go.kr/web/contents/bizpbanc-ongoing.do?schM=view&pbancSn=178196,2026-09-21 06:20
교육부_사업공고,교육혁신선도지역 지정 신청 공고,교육부,2026-07-09,https://www.moe.go.kr/boardCnts/view.do?boardID=72761&boardSeq=72761,2026-09-21 06:20
K-Startup,2026 BEXCO 부산 브랜드 페스타에서 단디벤처포럼x부산기술창업투자원,사단법인 단디벤처포럼,2026-07-09,https://www.k-startup.go.kr/web/contents/bizpbanc-ongoing.do?schM=view&pbancSn=178252,2026-09-21 06:20
K-Startup,"[무료] VC 투자 및 오픈이노베이션 1:1 멘토링, 7월 dcamp officehour",은행권청년창업재단,2026-07-09,https://www.k-startup.go.kr/web/contents/bizpbanc-ongoing.do?schM=view&pbancSn=178340,2026-09-21 06:20
K-Startup,「미니테크노파크 운영사업」경기 남동부 지역특화산업 육성사업,단국대학교 창업지원단,2026-07-09,https://www.k-startup.go.kr/web/contents/bizpbanc-ongoing.do?schM=view&pbancSn=178279,2026-09-21 06:20
K-Startup,2026「글로벌 스케일업-유럽 트랙」참가기업 모집(연장),경상국립대학교 창업중심대학사업단,2026-07-09,https://www.k-startup.go.kr/web/contents/bizpbanc-ongoing.do?schM=view&pbancSn=178324,2026-09-21 06:20
교육부_공지사항,다문화교육 정책 안내(25.2.),교육부,2026-07-09,https://www.moe.go.kr/boardCnts/view.do?boardID=316&boardSeq=106670,2026-09-21 06:20
교육부_공지사항,다문화교육 정책 안내(2023-2027),교육부,2026-07-09,https://www.moe.go.kr/boardCnts/view.do?boardID=316&boardSeq=106669,2026-09-21 06:20
K-Startup,중앙대-금천구 창업 협력공간(WB가산타워 7층) 입주자 모집 공고(4차),중앙대학교 산학협력단,2026-07-10,https://www.k-startup.go.kr/web/contents/bizpbanc-ongoing.do?schM=view&pbancSn=178199,2026-09-21 06:20
K-Startup,「2026 청년창업 지역정착 지원사업」 신규참여자 2차 추가모집,경상북도경제진흥원,2026-07-10,https://www.k-startup.go.kr/web/contents/bizpbanc-ongoing.do?schM=view&pbancSn=178313,2026-09-21 06:20
K-Startup,?[무료 세미나] 피닉스 퓨처 사장스쿨?,하임벤처투자,2026-07-10,https://www.k-startup.go.kr/web/contents/bizpbanc-ongoing.do?schM=view&pbancSn=178363,2026-09-21 06:20
K-Startup,사회서비스 기업 맞춤형 역량강화(소셜 링크 아카데미 4기),(주)엠와이소셜컴퍼니,2026-07-10,https://www.k-startup.go.kr/web/contents/bizpbanc-ongoing.do?schM=view&pbancSn=178333,2026-09-21 06:20
K-Startup,[상명대학교 창업지원센터(창업보육팀)] 2026년 신규입주기업 모집 안내,상명대학교,2026-07-10,https://www.k-startup.go.kr/web/contents/bizpbanc-ongoing.do?schM=view&pbancSn=178348,2026-09-21 06:20
K-Startup,2026년도 빅웨이브 글로벌(싱가포르) 참여기업 모집,인천창조경제혁신센터 대표이사,2026-07-10,https://www.k-startup.go.kr/web/contents/bizpbanc-ongoing.do?schM=view&pbancSn=178308,2026-09-21 06:20
K-Startup,창업On 희망On  참여자 모집 공고,(재)경북창조경제혁신센터 대표이사,2026-07-10,https://www.k-startup.go.kr/web/contents/bizpbanc-ongoing.do?schM=view&pbancSn=178433,2026-09-21 06:20
K-Startup,2026년 로봇기반공간컴퓨팅 창업지원사업 예비창업팀 모집 재공고,대구테크노파크,2026-07-10,https://www.k-startup.go.kr/web/contents/bizpbanc-ongoing.do?schM=view&pbancSn=178226,2026-09-21 06:20
K-Startup,2026 실무형 스타트업 클래스 참가 기업 모집,북성로청년창업클러스터,2026-07-10,https://www.k-startup.go.kr/web/contents/bizpbanc-ongoing.do?schM=view&pbancSn=178297,2026-09-21 06:20
K-Startup,전북글로벌게임센터 2026 게임인재 맞춤형 인턴십 지원사업 모집,(재)전북특별자치도 콘텐츠융합진흥원,2026-07-10,https://www.k-startup.go.kr/web/contents/bizpbanc-ongoing.do?schM=view&pbancSn=178322,2026-09-21 06:20
K-Startup,2026 전북콘텐츠코리아랩 창·제작자 시제품 제작지원 2차 추가모집 공고,(재)전북특별자치도 콘텐츠융합진흥원,2026-07-10,https://www.k-startup.go.kr/web/contents/bizpbanc-ongoing.do?schM=view&pbancSn=178311,2026-09-21 06:20
K-Startup,2026 일본 도쿄 추계 IT 전시회(JAPAN IT Week Autumn) 참가기업 모집,성남산업진흥원,2026-07-10,https://www.k-startup.go.kr/web/contents/bizpbanc-ongoing.do?schM=view&pbancSn=178315,2026-09-21 06:20
K-Startup,「앵커 G7 창업기업 투자 IR 피칭덱 제작 지원」참여기업 모집,혁신스타트업지원센터,2026-07-10,https://www.k-startup.go.kr/web/contents/bizpbanc-ongoing.do?schM=view&pbancSn=178323,2026-09-21 06:20
K-Startup,26년 국토교통 창업기획 프로그램 「NEXT 챌린지」  모집 공고,국토교통과학기술진흥원,2026-07-10,https://www.k-startup.go.kr/web/contents/bizpbanc-ongoing.do?schM=view&pbancSn=178195,2026-09-21 06:20
K-Startup,[창업] 고객 발굴 및 시장조사 실전,마포청년창업취업지원센터 나루,2026-07-10,https://www.k-startup.go.kr/web/contents/bizpbanc-ongoing.do?schM=view&pbancSn=178261,2026-09-21 06:20
K-Startup,2026 한국서부발전 발전데이터 활용 창업·벤처기업 지원사업 「WP-AX 챔피언십」,한국생산성본부,2026-07-10,https://www.k-startup.go.kr/web/contents/bizpbanc-ongoing.do?schM=view&pbancSn=178263,2026-09-21 06:20
K-Startup,[제주창조경제혁신센터] 2026 친환경 에너지 오픈 그라운드 프로그램 with 한화솔루션,재단법인 제주창조경제혁신센터,2026-07-10,https://www.k-startup.go.kr/web/contents/bizpbanc-ongoing.do?schM=view&pbancSn=178442,2026-09-21 06:20
K-Startup,고려대기술지주(주) 판교인큐베이팅센터 입주기업 모집공고,고려대학교기술지주 주식회사,2026-07-10,https://www.k-startup.go.kr/web/contents/bizpbanc-ongoing.do?schM=view&pbancSn=178441,2026-09-21 06:20
K-Startup,「인천 공공 실증 오픈이노베이션」참여기업 모집,재단법인 인천창조경제혁신센터,2026-07-10,https://www.k-startup.go.kr/web/contents/bizpbanc-ongoing.do?schM=view&pbancSn=178210,2026-09-21 06:20
K-Startup,「2026 스마트해운물류 창업Flame 기타사업화」 모집 공고,(재)울산창조경제혁신센터,2026-07-10,https://www.k-startup.go.kr/web/contents/bizpbanc-ongoing.do?schM=view&pbancSn=178278,2026-09-21 06:20
K-Startup,글로벌 온라인 오피스아워(대만) 참여 기업 모집(~7/10),부산창조경제혁신센터,2026-07-10,https://www.k-startup.go.kr/web/contents/bizpbanc-ongoing.do?schM=view&pbancSn=178415,2026-09-21 06:20
K-Startup,2026 인도 시장개척단 참여기업 모집 연장 공고 (의료·헬스케어 분야 수출상담회),재단법인 서울경제진흥원,2026-07-10,https://www.k-startup.go.kr/web/contents/bizpbanc-ongoing.do?schM=view&pbancSn=178277,2026-09-21 06:20
K-Startup,2026년 메드텍스쿨 (의료기기) 상반기 11기 수강자 모집,충북창조경제혁신센터,2026-07-10,https://www.k-startup.go.kr/web/contents/bizpbanc-ongoing.do?schM=view&pbancSn=178293,2026-09-21 06:20
K-Startup,2026년 그린바이오 분야 공공기술 상용화 지원사업 추가 모집 공고,한국농업기술진흥원,2026-07-10,https://www.k-startup.go.kr/web/contents/bizpbanc-ongoing.do?schM=view&pbancSn=178444,2026-09-21 06:20
K-Startup,2026년 민간 산림복지 창업·성장 패키지 “FOR:SEED [예비창업패키지] 참가자 모집,한국산림복지진흥원,2026-07-11,https://www.k-startup.go.kr/web/contents/bizpbanc-ongoing.do?schM=view&pbancSn=178412,2026-09-21 06:20
K-Startup,2026년 수원도시재단 창업지원센터 창업특강(아이디어에서 창업까지) 참가자 모집,수원도시재단,2026-07-12,https://www.k-startup.go.kr/web/contents/bizpbanc-ongoing.do?schM=view&pbancSn=178291,2026-09-21 06:20
K-Startup,[제2서울핀테크랩] 2026년 블록체인 아카데미 수강생 모집,제2서울핀테크랩,2026-07-12,https://www.k-startup.go.kr/web/contents/bizpbanc-ongoing.do?schM=view&pbancSn=178309,2026-09-21 06:20
K-Startup,[강동구 청년해냄센터] 입주기업 모집,강동구 청년해냄센터,2026-07-12,https://www.k-startup.go.kr/web/contents/bizpbanc-ongoing.do?schM=view&pbancSn=178290,2026-09-21 06:20
K-Startup,『2026년 Bridge 배틀그라운드』글로벌 진출 지원사업,경기도경제과학진흥원,2026-07-12,https://www.k-startup.go.kr/web/contents/bizpbanc-ongoing.do?schM=view&pbancSn=178338,2026-09-21 06:20
K-Startup,『2026년 Bridge 오픈그라운드』기술협업(O.I.) 지원사업,경기도경제과학진흥원,2026-07-12,https://www.k-startup.go.kr/web/contents/bizpbanc-ongoing.do?schM=view&pbancSn=178336,2026-09-21 06:20
K-Startup,2026 KT 오픈이노베이션 참여 스타트업 모집,경기창조경제혁신센터,2026-07-12,https://www.k-startup.go.kr/web/contents/bizpbanc-ongoing.do?schM=view&pbancSn=178212,2026-09-21 06:20
K-Startup,2026년 창업혁신공간 남서부권(안양) 신규 입주기업 추가모집,경기도경제과학진흥원,2026-07-12,https://www.k-startup.go.kr/web/contents/bizpbanc-ongoing.do?schM=view&pbancSn=178215,2026-09-21 06:20
K-Startup,K-PATH 프로그램 모집 공고,주식회사 마크앤컴퍼니,2026-07-12,https://www.k-startup.go.kr/web/contents/bizpbanc-ongoing.do?schM=view&pbancSn=178218,2026-09-21 06:20
K-Startup,[카이스트청년창업투자지주] 강남 DeepTech Startup Sprint 2026 참가 모집,카이스트청년창업투자지주 대표이사,2026-07-12,https://www.k-startup.go.kr/web/contents/bizpbanc-ongoing.do?schM=view&pbancSn=178365,2026-09-21 06:20
K-Startup,소셜창업트랙:임팩트비즈니스 분야 청년 창업자를 위한 실전 창업 교육,관악구청,2026-07-12,https://www.k-startup.go.kr/web/contents/bizpbanc-ongoing.do?schM=view&pbancSn=178222,2026-09-21 06:20
K-Startup,2026 ICT 융합 하드웨어 해커톤,차세대융합기술연구원,2026-07-12,https://www.k-startup.go.kr/web/contents/bizpbanc-ongoing.do?schM=view&pbancSn=178360,2026-09-21 06:20
K-Startup,2026년 서강비즈니스센터 입주기업 모집(~7/12),서강대학교 창업지원단,2026-07-12,https://www.k-startup.go.kr/web/contents/bizpbanc-ongoing.do?schM=view&pbancSn=178377,2026-09-21 06:20
K-Startup,2026년 SaaS 전환지원센터xAWS SaaS 현대화 교육 1회차 참가자 모집 공고,"정보통신산업진흥원, SaaS 전환지원센터",2026-07-12,https://www.k-startup.go.kr/web/contents/bizpbanc-ongoing.do?schM=view&pbancSn=178354,2026-09-21 06:20
K-Startup,SNU Venture Builder 시즌5 참가팀 모집(정부지원사업 및 투자유치 성장 프로젝트),서울대학교 시흥캠퍼스본부,2026-07-12,https://www.k-startup.go.kr/web/contents/bizpbanc-ongoing.do?schM=view&pbancSn=178273,2026-09-21 06:20
K-Startup,『2026년 Bridge 오픈그라운드』투자 유치 역량 강화 교육 지원사업,경기도경제과학진흥원,2026-07-12,https://www.k-startup.go.kr/web/contents/bizpbanc-ongoing.do?schM=view&pbancSn=178337,2026-09-21 06:20
K-Startup,2026 C-Star Awards 투자  IR 경진대회,킹고스프링,2026-07-12,https://www.k-startup.go.kr/web/contents/bizpbanc-ongoing.do?schM=view&pbancSn=178272,2026-09-21 06:20
K-Startup,2026년 신한라이프케어 x 서울창업허브 성수 오픈이노베이션 참가기업 모집,서울경제진흥원 서울창업허브 성수,2026-07-13,https://www.k-startup.go.kr/web/contents/bizpbanc-ongoing.do?schM=view&pbancSn=178350,2026-09-21 06:20
K-Startup,2026년 글로벌 액셀러레이팅 지원사업,와이앤아처(주),2026-07-13,https://www.k-startup.go.kr/web/contents/bizpbanc-ongoing.do?schM=view&pbancSn=178342,2026-09-21 06:20
K-Startup,2026년 달구벌여성창업보육센터 입주기업 모집,달구벌여성인력개발센터,2026-07-13,https://www.k-startup.go.kr/web/contents/bizpbanc-ongoing.do?schM=view&pbancSn=178331,2026-09-21 06:20
K-Startup,2026 충남콘텐츠코리아랩 미드폼 영상콘텐츠 제작 지원사업,(재)충남콘텐츠진흥원,2026-07-13,https://www.k-startup.go.kr/web/contents/bizpbanc-ongoing.do?schM=view&pbancSn=178339,2026-09-21 06:20
K-Startup,2026년 호주/뉴질랜드(W cosmetics)채널 진출사업 참여기업 모집,서울경제진흥원,2026-07-13,https://www.k-startup.go.kr/web/contents/bizpbanc-ongoing.do?schM=view&pbancSn=178392,2026-09-21 06:20
K-Startup,[은평창업지원센터] 도전! 2026 은평스타트업리그 모집,은평창업지원센터,2026-07-13,https://www.k-startup.go.kr/web/contents/bizpbanc-ongoing.do?schM=view&pbancSn=178193,2026-09-21 06:20
K-Startup,2026년 G7 창업기업 TIPS 및 LIPS 분야 투자 유치 전략 교육 및  전문가 1:1 상담,한양대학교 ERICA 혁신스타트업지원센터,2026-07-13,https://www.k-startup.go.kr/web/contents/bizpbanc-ongoing.do?schM=view&pbancSn=178469,2026-09-21 06:20
K-Startup,2026년 경기 스타트업 아카데미 글로벌 유니콘 캠퍼스 과정 참여기업 추가모집 공고,경기도경제과학진흥원,2026-07-13,https://www.k-startup.go.kr/web/contents/bizpbanc-ongoing.do?schM=view&pbancSn=178409,2026-09-21 06:20
K-Startup,2026년 민간 산림복지 창업·성장 패키지 FOR:RESTART(재기지원패키지),한국산림복지진흥원,2026-07-13,https://www.k-startup.go.kr/web/contents/bizpbanc-ongoing.do?schM=view&pbancSn=178414,2026-09-21 06:20
K-Startup,2026 제조전문형 메이커스페이스 학생 프로젝트 모집,국민대학교,2026-07-13,https://www.k-startup.go.kr/web/contents/bizpbanc-ongoing.do?schM=view&pbancSn=178419,2026-09-21 06:20
K-Startup,"성남창업센터(판교역 창업카페, 코워킹스페이스) 입주기업 모집 공고",성남산업진흥원,2026-07-13,https://www.k-startup.go.kr/web/contents/bizpbanc-ongoing.do?schM=view&pbancSn=178299,2026-09-21 06:20
K-Startup,[코레일유통/본사] 제7차 청년창업 제휴사업자 모집공고,코레일유통(주),2026-07-13,https://www.k-startup.go.kr/web/contents/bizpbanc-ongoing.do?schM=view&pbancSn=178425,2026-09-21 06:20
K-Startup,K-패션 브랜드 글로벌 팝업 지원사업(2차) 참여기업 모집,서울경제진흥원,2026-07-13,https://www.k-startup.go.kr/web/contents/bizpbanc-ongoing.do?schM=view&pbancSn=178249,2026-09-21 06:20
K-Startup,2026년 용인 오픈이노베이션 교류회 2회차,알파브라더스,2026-07-14,https://www.k-startup.go.kr/web/contents/bizpbanc-ongoing.do?schM=view&pbancSn=178410,2026-09-21 06:20
K-Startup,2026년 혁신 창업 스타트업 챌린지 (Start Round) 참가자 모집,고양산업진흥원,2026-07-14,https://www.k-startup.go.kr/web/contents/bizpbanc-ongoing.do?schM=view&pbancSn=178490,2026-09-21 06:20
K-Startup,[서울디자인런2026@홍대] &apos;디자인으로 브랜드를 구축하는 방법 - 아이덴티티부터 메시지까지&apos;,(주)오픈놀,2026-07-14,https://www.k-startup.go.kr/web/contents/bizpbanc-ongoing.do?schM=view&pbancSn=178460,2026-09-21 06:20
K-Startup,[2026 스타트업 아카데미] 하남시 창업 역량 강화를 위한 창업 전문교육,하남도시공사,2026-07-14,https://www.k-startup.go.kr/web/contents/bizpbanc-ongoing.do?schM=view&pbancSn=178451,2026-09-21 06:20
K-Startup,「민관협력 오픈이노베이션 지원」2026년 제2차 전략과제 해결형(Top-Down) 창업기업 모집공고,중소벤처기업부,2026-07-14,https://www.k-startup.go.kr/web/contents/bizpbanc-ongoing.do?schM=view&pbancSn=178253,2026-09-21 06:20
K-Startup,『2026년 금천청년꿈터 TIPS 매칭데이』 참가자 모집,중앙대학교 산학협력단,2026-07-14,https://www.k-startup.go.kr/web/contents/bizpbanc-ongoing.do?schM=view&pbancSn=178298,2026-09-21 06:20
K-Startup,[제주창조경제혁신센터] 바이오·푸드테크 스타트업 싱가포르 진출 지원 프로그램 「2026 오픈 아일랜드 : 싱가포르 마켓 익스플로러」참가기업 모집(~7/14),제주창조경제혁신센터,2026-07-14,https://www.k-startup.go.kr/web/contents/bizpbanc-ongoing.do?schM=view&pbancSn=178374,2026-09-21 06:20
K-Startup,"「2026 K-DeepTech Global Landing Pad」모집 공고(~ 7월 14일, 화)",한국과학기술원,2026-07-14,https://www.k-startup.go.kr/web/contents/bizpbanc-ongoing.do?schM=view&pbancSn=178256,2026-09-21 06:20
K-Startup,Slush 참가지원 사업 및 EU 사업 환경 설명회,서울경제진흥원,2026-07-14,https://www.k-startup.go.kr/web/contents/bizpbanc-ongoing.do?schM=view&pbancSn=178480,2026-09-21 06:20
K-Startup,[2026 스타트업 아카데미] 하남시 창업 역량 강화를 위한 창업 기본교육,하남도시공사,2026-07-14,https://www.k-startup.go.kr/web/contents/bizpbanc-ongoing.do?schM=view&pbancSn=178440,2026-09-21 06:20
K-Startup,2026년 7월 전북 IR피칭 & 오피스아워 by KRYPTON 신청 접수,(주)크립톤 전북지사,2026-07-14,https://www.k-startup.go.kr/web/contents/bizpbanc-ongoing.do?schM=view&pbancSn=178500,2026-09-21 06:20
교육부_사업공고,2026 대한민국 인재상 선발 공고,교육부,2026-07-14,https://www.moe.go.kr/boardCnts/view.do?boardID=72761&boardSeq=72761,2026-09-21 06:20
K-Startup,신한 오픈이노베이션을 위한 첫걸음! 대·중견기업 네트워킹데이 참여자 모집 (~7/14),신한금융희망재단,2026-07-14,https://www.k-startup.go.kr/web/contents/bizpbanc-ongoing.do?schM=view&pbancSn=178203,2026-09-21 06:20
K-Startup,2026 경기AI기업 글로벌 공동연구ㆍ해외진출 예비참여기업 공개모집,차세대융합기술연구원,2026-07-14,https://www.k-startup.go.kr/web/contents/bizpbanc-ongoing.do?schM=view&pbancSn=178269,2026-09-21 06:20
K-Startup,2026년 대구콘텐츠코리아랩 크리에이터 사업화 제작지원 참가자 모집,(재)대구디지털혁신진흥원,2026-07-15,https://www.k-startup.go.kr/web/contents/bizpbanc-ongoing.do?schM=view&pbancSn=178287,2026-09-21 06:20
K-Startup,제19기 기보벤처캠프 참여기업 모집 공고,기술보증기금,2026-07-15,https://www.k-startup.go.kr/web/contents/bizpbanc-ongoing.do?schM=view&pbancSn=178238,2026-09-21 06:20
교육부_사업공고,2026년 첨단분야 인턴십 지원사업 3차 공고,교육부,2026-07-15,https://www.moe.go.kr/boardCnts/view.do?boardID=72761&boardSeq=72761,2026-09-21 06:20
K-Startup,「2026년 청년창업지원센터 오피스아워·커피클럽 운영」 7월 오피스아워 참여자 모집 안내 (~7/15 마감),젠엑시스 주식회사,2026-07-15,https://www.k-startup.go.kr/web/contents/bizpbanc-ongoing.do?schM=view&pbancSn=178468,2026-09-21 06:20
K-Startup,"제9회 대구 스타트업 오픈이노베이션  밋업데이(Meet-up Day) 참여 스타트업,  예비창업자(교원·연구자 등) 모집 공고","(재)대구창조경제혁신센터, 경북대학교기술지주(주)",2026-07-15,https://www.k-startup.go.kr/web/contents/bizpbanc-ongoing.do?schM=view&pbancSn=178495,2026-09-21 06:20
K-Startup,2026 글로벌 스타트업 서밋(일본) 참여기업 모집,인천창조경제혁신센터 대표이사,2026-07-15,https://www.k-startup.go.kr/web/contents/bizpbanc-ongoing.do?schM=view&pbancSn=178387,2026-09-21 06:20
K-Startup,2026 서울창업허브 공덕 AI 솔로창업단 참가자 모집,(재)서울경제진흥원,2026-07-15,https://www.k-startup.go.kr/web/contents/bizpbanc-ongoing.do?schM=view&pbancSn=178345,2026-09-21 06:20
K-Startup,2026년 제1회 사회서비스 투자 교류회 행사 및 참석자 모집 안내,(주)엠와이소셜컴퍼니,2026-07-15,https://www.k-startup.go.kr/web/contents/bizpbanc-ongoing.do?schM=view&pbancSn=178465,2026-09-21 06:20
K-Startup,「2026년 TIPS 투자 연계 컨설팅 지원사업」참여기업 모집,서울바이오허브사업단,2026-07-15,https://www.k-startup.go.kr/web/contents/bizpbanc-ongoing.do?schM=view&pbancSn=178397,2026-09-21 06:20
K-Startup,2026년 경기 스타트업 아카데미 링크업 프로그램 스피치 특강 - 듣고 끄덕이게 만드는 자기(회사)소개 발표법,경기도·경기도경제과학진흥원,2026-07-15,https://www.k-startup.go.kr/web/contents/bizpbanc-ongoing.do?schM=view&pbancSn=178310,2026-09-21 06:20
K-Startup,26년 7월 스타트업 언론 홍보 지원사업 참가사 모집 공고(1차),스타트업 데일리,2026-07-15,https://www.k-startup.go.kr/web/contents/bizpbanc-ongoing.do?schM=view&pbancSn=178326,2026-09-21 06:20
K-Startup,2026 연구 아이디어 기술사업화 챌린지,한국보건산업진흥원,2026-07-15,https://www.k-startup.go.kr/web/contents/bizpbanc-ongoing.do?schM=view&pbancSn=178370,2026-09-21 06:20
K-Startup,[강동구 청년해냄센터] 전문분야 창업멘토링 7월 참가자 모집,강동구 청년해냄센터,2026-07-15,https://www.k-startup.go.kr/web/contents/bizpbanc-ongoing.do?schM=view&pbancSn=178472,2026-09-21 06:20
K-Startup,2026 수원기업IR데이 수원. 판(PANN) 참여 기업 추가 모집,수원시장,2026-07-15,https://www.k-startup.go.kr/web/contents/bizpbanc-ongoing.do?schM=view&pbancSn=178434,2026-09-21 06:20
교육부_공지사항,EBS 수능강의 활용 현황,교육부,2026-07-15,https://www.moe.go.kr/boardCnts/view.do?boardID=316&boardSeq=106707,2026-09-21 06:20
K-Startup,「2026년 시군 특화 일자리 공모사업」 보령시 중장년 창업육성사업 창업캠프 참가자 모집 연장공고,(사)충남산학융합원,2026-07-15,https://www.k-startup.go.kr/web/contents/bizpbanc-ongoing.do?schM=view&pbancSn=178366,2026-09-21 06:20
K-Startup,[구리시 청년내일센터] 2026년 하반기 입주기업 모집,구리시 청년내일센터,2026-07-16,https://www.k-startup.go.kr/web/contents/bizpbanc-ongoing.do?schM=view&pbancSn=178320,2026-09-21 06:20
교육부_사업공고,2026년 지방대학 특성화 선도대학 육성사업 공고,교육부,2026-07-16,https://www.moe.go.kr/boardCnts/view.do?boardID=72761&boardSeq=72761,2026-09-21 06:20
K-Startup,2026 대전 미스터리 스토리 기반 콘텐츠 제작 지원사업,(재)대전정보문화산업진흥원,2026-07-16,https://www.k-startup.go.kr/web/contents/bizpbanc-ongoing.do?schM=view&pbancSn=178285,2026-09-21 06:20
K-Startup,2026년 28청춘창업소 액셀러레이팅 창업 역량강화교육,고양산업진흥원,2026-07-16,https://www.k-startup.go.kr/web/contents/bizpbanc-ongoing.do?schM=view&pbancSn=178230,2026-09-21 06:20
K-Startup,2026 모험·도전적 AI 스타트업 투자대상 발굴 경진대회」참가기업  모집공고,(사) 한국통신사업자연합회 벤처리움,2026-07-16,https://www.k-startup.go.kr/web/contents/bizpbanc-ongoing.do?schM=view&pbancSn=178341,2026-09-21 06:20
K-Startup,2026년 서울창업허브 공덕 추천선발 입주기업 모집,서울경제진흥원,2026-07-16,https://www.k-startup.go.kr/web/contents/bizpbanc-ongoing.do?schM=view&pbancSn=178430,2026-09-21 06:20
K-Startup,2026 서울테크서밋: AI x Bio 포럼,서울경제진흥원,2026-07-16,https://www.k-startup.go.kr/web/contents/bizpbanc-ongoing.do?schM=view&pbancSn=178427,2026-09-21 06:20
K-Startup,[국비교육]노코드플랫폼활용 창업올인원패키지,고양여성인력개발센터,2026-07-16,https://www.k-startup.go.kr/web/contents/bizpbanc-ongoing.do?schM=view&pbancSn=178413,2026-09-21 06:20
K-Startup,2026년 하반기 중랑창업지원센터 신규 입주기업 모집,중랑창업지원센터,2026-07-16,https://www.k-startup.go.kr/web/contents/bizpbanc-ongoing.do?schM=view&pbancSn=178351,2026-09-21 06:20
K-Startup,[창업] 스타트업의 투자의 이해와 유치 전략,마포청년창업취업지원센터 나루,2026-07-16,https://www.k-startup.go.kr/web/contents/bizpbanc-ongoing.do?schM=view&pbancSn=178399,2026-09-21 06:20
K-Startup,2026년 28청춘창업소 액셀러레이팅 프로그램 전문가 멘토링,고양산업진흥원,2026-07-16,https://www.k-startup.go.kr/web/contents/bizpbanc-ongoing.do?schM=view&pbancSn=178396,2026-09-21 06:20
K-Startup,『2026년 민간주도형 기술창업 활성화 지원사업』 정출연 (예비)창업기업 추가 모집 공고,(주)로우파트너스,2026-07-17,https://www.k-startup.go.kr/web/contents/bizpbanc-ongoing.do?schM=view&pbancSn=178383,2026-09-21 06:20
K-Startup,동명청년창작소 2차 컨설팅 DAY(7월),동명청년창작소,2026-07-17,https://www.k-startup.go.kr/web/contents/bizpbanc-ongoing.do?schM=view&pbancSn=178447,2026-09-21 06:20
K-Startup,2026년 동두천시 청년창업지원센터 2차 입주기업 모집 공고,동두천시 청년창업지원센터장,2026-07-17,https://www.k-startup.go.kr/web/contents/bizpbanc-ongoing.do?schM=view&pbancSn=178461,2026-09-21 06:20
K-Startup,청년 취·창업 아카데미 「청취캠퍼스」4기 추가 모집,야탑유스센터,2026-07-17,https://www.k-startup.go.kr/web/contents/bizpbanc-ongoing.do?schM=view&pbancSn=178421,2026-09-21 06:20
K-Startup,실전창업 아카데미 IP창업 Zone 교육생 모집,달서구 중장년 기술창업센터장,2026-07-17,https://www.k-startup.go.kr/web/contents/bizpbanc-ongoing.do?schM=view&pbancSn=178443,2026-09-21 06:20
K-Startup,2026년 특허출원·등록 비용 바우처 지원사업 (하반기 1차),(사)한국중소기업발전협회,2026-07-17,https://www.k-startup.go.kr/web/contents/bizpbanc-ongoing.do?schM=view&pbancSn=178306,2026-09-21 06:20
K-Startup,「2026 서울⎼로슈진단 스타트업 스프린트 데모데이」 참여기업 모집,한국과학기술연구원 서울바이오허브사업단장,2026-07-17,https://www.k-startup.go.kr/web/contents/bizpbanc-ongoing.do?schM=view&pbancSn=178204,2026-09-21 06:20
K-Startup,2026년 경기도 기후테크 경진대회 참여기업 모집공고,(재)경기환경에너지진흥원,2026-07-17,https://www.k-startup.go.kr/web/contents/bizpbanc-ongoing.do?schM=view&pbancSn=178208,2026-09-21 06:20
K-Startup,2026 Tech 기업 글로벌 IR 고도화 및 투자상담회,차세대융합기술연구원,2026-07-19,https://www.k-startup.go.kr/web/contents/bizpbanc-ongoing.do?schM=view&pbancSn=178300,2026-09-21 06:20
K-Startup,2026년 경기도 지역성장 인재양성 체계(앵커사업) - 한양대학교 ERICA 캠퍼스혁신파크 기업 지원 사업 공고,한양대학교 ERICA,2026-07-19,https://www.k-startup.go.kr/web/contents/bizpbanc-ongoing.do?schM=view&pbancSn=178478,2026-09-21 06:20
K-Startup,[킹고스프링] KINGO LIPS SPRINGBOARD PROGRAM 4기 모집공고,주식회사 킹고스프링,2026-07-19,https://www.k-startup.go.kr/web/contents/bizpbanc-ongoing.do?schM=view&pbancSn=178467,2026-09-21 06:20
K-Startup,2026 김해형 액셀러레이팅 지원사업  Pre-IR 참가기업 모집,김해의생명산업진흥원,2026-07-19,https://www.k-startup.go.kr/web/contents/bizpbanc-ongoing.do?schM=view&pbancSn=178362,2026-09-21 06:20
K-Startup,넥스트엘레베이션·씨엔티테크·드레이퍼스타트업하우스 ASCEND 액셀러레이팅 프로그램 3기 참여기업 모집,넥스트엘레베이션,2026-07-19,https://www.k-startup.go.kr/web/contents/bizpbanc-ongoing.do?schM=view&pbancSn=178312,2026-09-21 06:20
K-Startup,2026-8회 호남권 엔젤투자 피칭룸 in 전북 참가기업 모집 안내,한국엔젤투자협회 호남권 엔젤투자허브,2026-07-19,https://www.k-startup.go.kr/web/contents/bizpbanc-ongoing.do?schM=view&pbancSn=178407,2026-09-21 06:20
K-Startup,나만의 창업 아이디어 컨설팅 데이 세종(제1차 아카데미 프로그램),세종창조경제혁신센터,2026-07-19,https://www.k-startup.go.kr/web/contents/bizpbanc-ongoing.do?schM=view&pbancSn=178417,2026-09-21 06:20
K-Startup,[제주/경기창조경제혁신센터]  호라이즌 유럽 연계 「2026 스타트업 유럽 진출 웨비나」 참가자 모집 (~7/19),제주창조경제혁신센터,2026-07-19,https://www.k-startup.go.kr/web/contents/bizpbanc-ongoing.do?schM=view&pbancSn=178373,2026-09-21 06:20
K-Startup,[은평창업지원센터] 2026 하반기 은평창업지원센터 입주기업 모집,은평창업지원센터,2026-07-19,https://www.k-startup.go.kr/web/contents/bizpbanc-ongoing.do?schM=view&pbancSn=178381,2026-09-21 06:20
K-Startup,2026년 C-Local Tech 실전 창업 교육  「Local Tech Idea 및 사업계획서 작성 창업 캠프」,근화동 396청년창업지원센터,2026-07-20,https://www.k-startup.go.kr/web/contents/bizpbanc-ongoing.do?schM=view&pbancSn=178591,2026-09-21 06:20
K-Startup,2026 강원권 LIPS 민간운영사 연합 INVESTOR DAY7월,(재)강원창조경제혁신센터,2026-07-20,https://www.k-startup.go.kr/web/contents/bizpbanc-ongoing.do?schM=view&pbancSn=178486,2026-09-21 06:20
K-Startup,[코레일유통/본사] 제8차 청년창업 제휴사업자 모집공고,코레일유통(주),2026-07-20,https://www.k-startup.go.kr/web/contents/bizpbanc-ongoing.do?schM=view&pbancSn=178496,2026-09-21 06:20
교육부_사업공고,2026년 민간위탁사무(국가평생교육통계 구축 사업) 계약 체결 현황 공개,교육부,2026-07-20,https://www.moe.go.kr/boardCnts/view.do?boardID=72761&boardSeq=72761,2026-09-21 06:20
K-Startup,2026년 7월 ZUZU 피칭데이 참여기업 모집 (바이오/헬스케어),(주) 코드박스 Kodebox,2026-07-20,https://www.k-startup.go.kr/web/contents/bizpbanc-ongoing.do?schM=view&pbancSn=178281,2026-09-21 06:20
K-Startup,2026 지역창업 페스티벌 연계 제105회 대전창업포럼(바이오) 참가 모집,(재)대전창조경제혁신센터,2026-07-20,https://www.k-startup.go.kr/web/contents/bizpbanc-ongoing.do?schM=view&pbancSn=178446,2026-09-21 06:20
K-Startup,Startup OI Tokyo #IP Business,은행권청년창업재단,2026-07-20,https://www.k-startup.go.kr/web/contents/bizpbanc-ongoing.do?schM=view&pbancSn=178304,2026-09-21 06:20
K-Startup,광주청년창업지원센터 입주스타트업(20기) 모집 공고,(재)광주테크노파크,2026-07-20,https://www.k-startup.go.kr/web/contents/bizpbanc-ongoing.do?schM=view&pbancSn=178448,2026-09-21 06:20
K-Startup,『2026 창업활성화 멘토링 참여기업』 모집 공고,수원도시재단,2026-07-20,https://www.k-startup.go.kr/web/contents/bizpbanc-ongoing.do?schM=view&pbancSn=178385,2026-09-21 06:20
K-Startup,『2026 창업활성화 전문가 멘토 위원』 모집 공고,수원도시재단,2026-07-20,https://www.k-startup.go.kr/web/contents/bizpbanc-ongoing.do?schM=view&pbancSn=178386,2026-09-21 06:20
K-Startup,2026 SVC Seoul Membership(Global) Recruitment Announcement,President of KISED,2026-07-20,https://www.k-startup.go.kr/web/contents/bizpbanc-ongoing.do?schM=view&pbancSn=178431,2026-09-21 06:20
K-Startup,[서울과학기술대학교] SLA 3D프린터,서울과학기술대학교,2026-07-20,https://www.k-startup.go.kr/web/contents/bizpbanc-ongoing.do?schM=view&pbancSn=178562,2026-09-21 06:20
K-Startup,&apos;한국전력공사 2026년 사회연대경제조직 지원 사회공헌사업&apos; 지원 참여사 모집 공고,(재)함께일하는재단,2026-07-20,https://www.k-startup.go.kr/web/contents/bizpbanc-ongoing.do?schM=view&pbancSn=178479,2026-09-21 06:20
K-Startup,2026년 WEROUND 스타트업 서바이벌(교육) - IR자료 고도화 및 피칭전략 강화,서강대학교 판교캠퍼스사업단,2026-07-20,https://www.k-startup.go.kr/web/contents/bizpbanc-ongoing.do?schM=view&pbancSn=178503,2026-09-21 06:20
K-Startup,2026년 중소기업 국내‧외 판로개척 및 마케팅 유공자 포상,중소벤처기업부 장관,2026-07-21,https://www.k-startup.go.kr/web/contents/bizpbanc-ongoing.do?schM=view&pbancSn=178219,2026-09-21 06:20
K-Startup,2026년 SVC Seoul 산학협력 파트너 대학 모집 공고,창업진흥원,2026-07-21,https://www.k-startup.go.kr/web/contents/bizpbanc-ongoing.do?schM=view&pbancSn=178401,2026-09-21 06:20
K-Startup,2026년 강북창업지원센터 7월 창업 상담 참가자 모집(온라인 판로 및 마케팅 전략),강북창업지원센터,2026-07-21,https://www.k-startup.go.kr/web/contents/bizpbanc-ongoing.do?schM=view&pbancSn=178483,2026-09-21 06:20
K-Startup,서초 스타트업·소상공인 정책자금 매칭데이,서초창업스테이션,2026-07-21,https://www.k-startup.go.kr/web/contents/bizpbanc-ongoing.do?schM=view&pbancSn=178487,2026-09-21 06:20
K-Startup,제5회 원주권 스타트업 커뮤니티 데이,상지대학교 벤처창업본부,2026-07-21,https://www.k-startup.go.kr/web/contents/bizpbanc-ongoing.do?schM=view&pbancSn=178462,2026-09-21 06:20
K-Startup,[2026년 G-Space 창업기업 홍보 콘텐츠 제작 지원사업] 창업기업  모집공고,(재)경남창조경제혁신센터 대표이사,2026-07-21,https://www.k-startup.go.kr/web/contents/bizpbanc-ongoing.do?schM=view&pbancSn=178217,2026-09-21 06:20
교육부_공지사항,귀국학생 등의 학적서류 처리절차 간소화대상 학교목록(2026.7.20.기준),교육부,2026-07-21,https://www.moe.go.kr/boardCnts/view.do?boardID=316&boardSeq=106745,2026-09-21 06:20
K-Startup,2026년도 딥테크 특화 창업중심대학 창업기업 모집공고,중소벤처기업부,2026-07-21,https://www.k-startup.go.kr/web/contents/bizpbanc-ongoing.do?schM=view&pbancSn=178198,2026-09-21 06:20
K-Startup,[청년창업지원센터 상주올래] 2026 입주기업 모집,청년창업지원센터 상주올래,2026-07-21,https://www.k-startup.go.kr/web/contents/bizpbanc-ongoing.do?schM=view&pbancSn=178507,2026-09-21 06:20
K-Startup,2026 생성형 AI 기반 글로벌 무역·물류 데이터 분석 공급망 최적화 교육 모집,(주)글로벌창업연구소,2026-07-21,https://www.k-startup.go.kr/web/contents/bizpbanc-ongoing.do?schM=view&pbancSn=178224,2026-09-21 06:20
K-Startup,제2회 AI 및 기술기반 창업 트렌드 세미나(에듀테크 편) 참가자 모집,경기창조경제혁신센터,2026-07-21,https://www.k-startup.go.kr/web/contents/bizpbanc-ongoing.do?schM=view&pbancSn=178567,2026-09-21 06:20
K-Startup,단국대(죽전) 창업보육센터 2026년 3차 입주기업 정기 모집 공고,단국대학교 창업보육센터,2026-07-21,https://www.k-startup.go.kr/web/contents/bizpbanc-ongoing.do?schM=view&pbancSn=178502,2026-09-21 06:20
K-Startup,「2026년 대구콘텐츠기업지원센터 운영 사업(추경)」 콘텐츠 제작지원 사업 모집 공고,(재)대구디지털혁신진흥원,2026-07-21,https://www.k-startup.go.kr/web/contents/bizpbanc-ongoing.do?schM=view&pbancSn=178508,2026-09-21 06:20
K-Startup,제3회 W-Venture 창업 경진대회,(사)부울경여성벤처협회,2026-07-22,https://www.k-startup.go.kr/web/contents/bizpbanc-ongoing.do?schM=view&pbancSn=178329,2026-09-21 06:20
K-Startup,「민관협력 오픈이노베이션 지원」'성과기업 후속 지원' 주관기관 모집공고,중소벤처기업부,2026-07-22,https://www.k-startup.go.kr/web/contents/bizpbanc-ongoing.do?schM=view&pbancSn=178398,2026-09-21 06:20
K-Startup,[경기도 중장년 최초 창업 지원] 2026년 생애 최초 경영안정화 교육지원 사업,경기도시장상권진흥원,2026-07-22,https://www.k-startup.go.kr/web/contents/bizpbanc-ongoing.do?schM=view&pbancSn=178602,2026-09-21 06:20
K-Startup,[동작구 청년창업지원센터] 제5차 경영전략분야 전문가 컨설팅,동작구청,2026-07-22,https://www.k-startup.go.kr/web/contents/bizpbanc-ongoing.do?schM=view&pbancSn=178330,2026-09-21 06:20
K-Startup,2026년 정부 첫 실증·구매 프로젝트(스마트도시) 창업기업 모집공고,중소벤처기업부,2026-07-22,https://www.k-startup.go.kr/web/contents/bizpbanc-ongoing.do?schM=view&pbancSn=178335,2026-09-21 06:20
K-Startup,2026년 제2차 대전 팁스타운 입주기업 모집 공고,창업진흥원장,2026-07-22,https://www.k-startup.go.kr/web/contents/bizpbanc-ongoing.do?schM=view&pbancSn=178494,2026-09-21 06:20
K-Startup,[서초창업스테이션] 서리풀 소상공인 창업 클리닉 - 소상공인 1:1 컨설팅,서초창업스테이션,2026-07-22,https://www.k-startup.go.kr/web/contents/bizpbanc-ongoing.do?schM=view&pbancSn=178303,2026-09-21 06:20
K-Startup,[재단법인 넥스트챌린지] 2026년 창업성장 Bridge-up 사업화 패키지 지원사업(~7/22),재단법인 넥스트챌린지,2026-07-22,https://www.k-startup.go.kr/web/contents/bizpbanc-ongoing.do?schM=view&pbancSn=178437,2026-09-21 06:20
K-Startup,2026년 서울창업허브 창동 투자 특화 프로그램(투자 상담회) - VC 밋업,서울창업허브 창동,2026-07-22,https://www.k-startup.go.kr/web/contents/bizpbanc-ongoing.do?schM=view&pbancSn=178359,2026-09-21 06:20
K-Startup,"[서초창업스테이션] 7월 전문 분야 컨설팅 - BM 설계, 조직관리",서초창업스테이션,2026-07-22,https://www.k-startup.go.kr/web/contents/bizpbanc-ongoing.do?schM=view&pbancSn=178524,2026-09-21 06:20
K-Startup,「 제13회 대구 TIPS IR 데이」참가기업 모집 공고,(재)대구창조경제혁신센터 대표이사,2026-07-22,https://www.k-startup.go.kr/web/contents/bizpbanc-ongoing.do?schM=view&pbancSn=178268,2026-09-21 06:20
K-Startup,[경희대학교 캠퍼스타운] 2026 경희대학교 캠퍼스타운 캠퍼서핑챌린지 캠퍼 8기 특별형 선발 경진대회,경희대학교 (서울)RISE사업단장,2026-07-22,https://www.k-startup.go.kr/web/contents/bizpbanc-ongoing.do?schM=view&pbancSn=178628,2026-09-21 06:20
K-Startup,2026년도 키친인큐베이터 개별·공유주방 24기 및 제조주방 12기 통합모집,(재)서울경제진흥,2026-07-23,https://www.k-startup.go.kr/web/contents/bizpbanc-ongoing.do?schM=view&pbancSn=178406,2026-09-21 06:20
K-Startup,2026년 체육인 직업안정(창업지원) 사업 창업보육과정(새싹) 참여자 추가 모집(~7.23.),국민체육진흥공단,2026-07-23,https://www.k-startup.go.kr/web/contents/bizpbanc-ongoing.do?schM=view&pbancSn=178560,2026-09-21 06:20
K-Startup,2026년 체육인 직업안정(창업지원) 사업 창업점검과정(열매) 참여자 추가 모집(~7.23.),국민체육진흥공단,2026-07-23,https://www.k-startup.go.kr/web/contents/bizpbanc-ongoing.do?schM=view&pbancSn=178558,2026-09-21 06:20
K-Startup,성장창업트랙:청년창업자를 위한 창업 실전 역량 강화 프로그램,관악구청,2026-07-23,https://www.k-startup.go.kr/web/contents/bizpbanc-ongoing.do?schM=view&pbancSn=178223,2026-09-21 06:20
K-Startup,2026 바이오 오픈이노베이션 체인 - 참여기업 모집,서울바이오허브 센터장,2026-07-23,https://www.k-startup.go.kr/web/contents/bizpbanc-ongoing.do?schM=view&pbancSn=178274,2026-09-21 06:20
K-Startup,2026년 바이오벤치마킹스쿨(BBS) 15기 교육생 모집,(재)충북창조경제혁신센터,2026-07-23,https://www.k-startup.go.kr/web/contents/bizpbanc-ongoing.do?schM=view&pbancSn=178235,2026-09-21 06:20
K-Startup,2026 중소기업 재직자(대전) AI·AX 기반 업무 효율화 교육생 모집(전액 무료),중소상공인희망재,2026-07-23,https://www.k-startup.go.kr/web/contents/bizpbanc-ongoing.do?schM=view&pbancSn=178379,2026-09-21 06:20
K-Startup,2026 안산 스타트업 청년창업 페스티벌,경기도 안산시,2026-07-24,https://www.k-startup.go.kr/web/contents/bizpbanc-ongoing.do?schM=view&pbancSn=178520,2026-09-21 06:20
K-Startup,「전북형 신기술 콘텐츠 융복합 아카데미 조성 」신기술 콘텐츠 전문인력 양성 과정(JB-NEXCON) 교육생 모집,(재)전북특별자치도 콘텐츠융합진흥원,2026-07-24,https://www.k-startup.go.kr/web/contents/bizpbanc-ongoing.do?schM=view&pbancSn=178420,2026-09-21 06:20
K-Startup,2026년 서울시 소셜벤처 IR 데모데이(도약단계) 참여기업 모집,서울소셜벤처허브,2026-07-24,https://www.k-startup.go.kr/web/contents/bizpbanc-ongoing.do?schM=view&pbancSn=178262,2026-09-21 06:20
K-Startup,2026-7회 충청권 엔젤투자 피칭룸 프로그램 참가기업 모집,(사)한국엔젤투자협회 충청권 엔젤투자허브,2026-07-24,https://www.k-startup.go.kr/web/contents/bizpbanc-ongoing.do?schM=view&pbancSn=178522,2026-09-21 06:20
K-Startup,고려대기술지주(주) 판교인큐베이팅센터 입주기업 모집공고(추가모집),고려대학교기술지주 주식회사,2026-07-24,https://www.k-startup.go.kr/web/contents/bizpbanc-ongoing.do?schM=view&pbancSn=178521,2026-09-21 06:20
K-Startup,강원대학교 캠퍼스혁신파크 산학연혁신허브 입점자 2차 모집공고,한국토지주택공사,2026-07-24,https://www.k-startup.go.kr/web/contents/bizpbanc-ongoing.do?schM=view&pbancSn=178356,2026-09-21 06:20
K-Startup,[부산대학교병원] 2026년 의료·헬스케어 스타트업 인큐베이터 사업_창업 활력 프로젝트,부산대학교병원,2026-07-24,https://www.k-startup.go.kr/web/contents/bizpbanc-ongoing.do?schM=view&pbancSn=178455,2026-09-21 06:20
K-Startup,2026 대구여성창업사업화지원사업 참가자 모집-대구여성인력개발센터,대구여성인력개발센터,2026-07-24,https://www.k-startup.go.kr/web/contents/bizpbanc-ongoing.do?schM=view&pbancSn=178301,2026-09-21 06:20
K-Startup,해양˙수산 일자리 창출을 위한 [2026 국민 아이디어 제안대회],해양˙수산 일자리 창출을 위한 [2026 국민 아이디어 제안대회] 운영사무국,2026-07-24,https://www.k-startup.go.kr/web/contents/bizpbanc-ongoing.do?schM=view&pbancSn=178352,2026-09-21 06:20
K-Startup,2026년 용인시 AI 데이터 기반 창업 지원 참여자 모집,함께일하는재단,2026-07-24,https://www.k-startup.go.kr/web/contents/bizpbanc-ongoing.do?schM=view&pbancSn=178552,2026-09-21 06:20
K-Startup,dcamp x Stanford Consumer Accelerator Fall 2026,재단법인 은행권청년창업재단,2026-07-24,https://www.k-startup.go.kr/web/contents/bizpbanc-ongoing.do?schM=view&pbancSn=178403,2026-09-21 06:20
K-Startup,2026년 서울창업허브 창동-삼성물산 건설부문 오픈이노베이션 참가기업 모집,서울창업허브 창동,2026-07-24,https://www.k-startup.go.kr/web/contents/bizpbanc-ongoing.do?schM=view&pbancSn=178565,2026-09-21 06:20
K-Startup,TIPS 추천 바이오-메디컬 유망기업 투자유치 지원 프로그램 신청 안내,동국대학교BMC창업보육센터,2026-07-24,https://www.k-startup.go.kr/web/contents/bizpbanc-ongoing.do?schM=view&pbancSn=178364,2026-09-21 06:20
K-Startup,2026년 해양수산 창업투자지원사업 제4차 참여기업 모집공고,(재)환동해산업연구원장,2026-07-24,https://www.k-startup.go.kr/web/contents/bizpbanc-ongoing.do?schM=view&pbancSn=178452,2026-09-21 06:20
K-Startup,2026년 3차 배재대학교 창업보육센터 신규 입주기업 모집 공고,배재대학교 산학협력단 창업보육센터,2026-07-24,https://www.k-startup.go.kr/web/contents/bizpbanc-ongoing.do?schM=view&pbancSn=178572,2026-09-21 06:20
K-Startup,2026 대전 팁스타운 팁스 링크(TIPS LINK),창업진흥원,2026-07-24,https://www.k-startup.go.kr/web/contents/bizpbanc-ongoing.do?schM=view&pbancSn=178573,2026-09-21 06:20
K-Startup,강원 바이오헬스 기업 투자 연계·글로벌 진출 지원 프로그램 참여기업 추가모집 (~7/24),연세대학교 미래캠퍼스 앵커사업단,2026-07-24,https://www.k-startup.go.kr/web/contents/bizpbanc-ongoing.do?schM=view&pbancSn=178482,2026-09-21 06:20
K-Startup,2026년 지역 첨단제조 스타트업 스케일업 지원사업 창업기업 모집공고,창업진흥원,2026-07-24,https://www.k-startup.go.kr/web/contents/bizpbanc-ongoing.do?schM=view&pbancSn=178380,2026-09-21 06:20
K-Startup,2026 한난 온랩(On-Lab) 프로그램 참가팀 모집(~7/24),(재)한국청년기업가정신재단,2026-07-24,https://www.k-startup.go.kr/web/contents/bizpbanc-ongoing.do?schM=view&pbancSn=178423,2026-09-21 06:20
K-Startup,2026년 경기도 양자-반도체 팹 융합활용 R&D 지원 사업 참여기관(기업·대학) 추가 모집 공고,한국나노기술원,2026-07-24,https://www.k-startup.go.kr/web/contents/bizpbanc-ongoing.do?schM=view&pbancSn=178550,2026-09-21 06:20
K-Startup,2026년 하반기「하남스타트업캠퍼스·경기 AI 클러스터 하남」신규 입주자 모집 공고,하남도시공사,2026-07-24,https://www.k-startup.go.kr/web/contents/bizpbanc-ongoing.do?schM=view&pbancSn=178492,2026-09-21 06:20
K-Startup,2026년「강남 취‧창업허브센터」6차 입주 기업 신규 모집,서울특별시 강남구청,2026-07-24,https://www.k-startup.go.kr/web/contents/bizpbanc-ongoing.do?schM=view&pbancSn=178554,2026-09-21 06:20
K-Startup,TIPS 추천과 SEED~시리즈A 라운드 기상·기후테크 기업 투자유치 지원 프로그램 참가 안내,한국기상산업기술원,2026-07-24,https://www.k-startup.go.kr/web/contents/bizpbanc-ongoing.do?schM=view&pbancSn=178429,2026-09-21 06:20
K-Startup,알리바바닷컴 주최 세계 최대 규모 제품기반 창업대회 「CoCreate Pitch Seoul 2026」 참가팀 모집공고,알리바바닷컴,2026-07-25,https://www.k-startup.go.kr/web/contents/bizpbanc-ongoing.do?schM=view&pbancSn=178382,2026-09-21 06:20
K-Startup,2026년 한국외대 창업보육센터 입주기업 모집 공고,한국외국어대학교 연구산학협력단,2026-07-26,https://www.k-startup.go.kr/web/contents/bizpbanc-ongoing.do?schM=view&pbancSn=178533,2026-09-21 06:20
K-Startup,동구 동명청년창작소 커머스빌딩 UP 참여기업 모집,동명청년창작소,2026-07-26,https://www.k-startup.go.kr/web/contents/bizpbanc-ongoing.do?schM=view&pbancSn=178470,2026-09-21 06:20
K-Startup,"[스터디/강의 무료 제공] 임팩트 스타트업 성장 방법과 경로 (총 3회, 성수동)",임팩트서클,2026-07-26,https://www.k-startup.go.kr/web/contents/bizpbanc-ongoing.do?schM=view&pbancSn=178530,2026-09-21 06:20
K-Startup,2026년 충청권 ICT이노베이션스퀘어 개발 역량 강화 멘토링,더함협동조합,2026-07-26,https://www.k-startup.go.kr/web/contents/bizpbanc-ongoing.do?schM=view&pbancSn=178484,2026-09-21 06:20
K-Startup,강북창업지원센터 [브랜드 창업 아카데미] 교육 참여자 모집,강북창업지원센터,2026-07-26,https://www.k-startup.go.kr/web/contents/bizpbanc-ongoing.do?schM=view&pbancSn=178577,2026-09-21 06:20
K-Startup,제 32기 포스코 아이디어 마켓플레이스(POSCO IMP) 투자트랙 기업 모집 연장 공고(~7/26 23:59),POSCO IMP,2026-07-26,https://www.k-startup.go.kr/web/contents/bizpbanc-ongoing.do?schM=view&pbancSn=178328,2026-09-21 06:20
K-Startup,2026년 Agri-ESG Innovation Day 개최 안내,서울창조경제혁신센터,2026-07-26,https://www.k-startup.go.kr/web/contents/bizpbanc-ongoing.do?schM=view&pbancSn=178232,2026-09-21 06:20
K-Startup,2026년 대구콘텐츠코리아랩 추경 사업 미드폼 콘텐츠 제작지원 참가기업 모집,(재)대구디지털혁신진흥원,2026-07-27,https://www.k-startup.go.kr/web/contents/bizpbanc-ongoing.do?schM=view&pbancSn=178436,2026-09-21 06:20
K-Startup,"2026  콘텐츠 스타트업 글로벌 엑셀러레이팅 프로그램(론치패드 UAE, 싱가포르) 참가기업 추가 모집",한국콘텐츠진흥원,2026-07-27,https://www.k-startup.go.kr/web/contents/bizpbanc-ongoing.do?schM=view&pbancSn=178592,2026-09-21 06:20
교육부_공지사항,2025학년도 학교급식 실시현황,교육부,2026-07-27,https://www.moe.go.kr/boardCnts/view.do?boardID=316&boardSeq=106792,2026-09-21 06:20
K-Startup,2026 창조경제혁신센터 글로벌오픈이노베이션 프로그램 참여기업 모집공고,(재)경기창조경제혁신센터,2026-07-27,https://www.k-startup.go.kr/web/contents/bizpbanc-ongoing.do?schM=view&pbancSn=178604,2026-09-21 06:20
K-Startup,IBS(기초과학연구원)  Research Connect,(주)아이비유,2026-07-27,https://www.k-startup.go.kr/web/contents/bizpbanc-ongoing.do?schM=view&pbancSn=178540,2026-09-21 06:20
교육부_공지사항,2026년 IP 마이스터 프로그램 계획 안내,교육부,2026-07-27,https://www.moe.go.kr/boardCnts/view.do?boardID=316&boardSeq=106787,2026-09-21 06:20
K-Startup,[국비지원] K-스타일 비주얼 커머스 크리에이터 교육생 모집 | 패션·뷰티·주얼리 + AI 실무,종로여성인력개발센터,2026-07-27,https://www.k-startup.go.kr/web/contents/bizpbanc-ongoing.do?schM=view&pbancSn=178286,2026-09-21 06:20
K-Startup,2026 하반기 오렌지플래닛 정기모집(~7/27 14:00),오렌지플래닛 창업재단,2026-07-27,https://www.k-startup.go.kr/web/contents/bizpbanc-ongoing.do?schM=view&pbancSn=178466,2026-09-21 06:20
K-Startup,투자 유치를 꿈꾸는 창업자가 반드시 알아야 할 '투자생태계의 이해' - 제 7회 DDM 벤처스타트업 아카데미,광운대학교산학협력단,2026-07-28,https://www.k-startup.go.kr/web/contents/bizpbanc-ongoing.do?schM=view&pbancSn=178545,2026-09-21 06:20
K-Startup,"[동대문구 창업지원센터] 7월 메이커스페이스(레이저커터, 3D프린팅) 교육 일정",동대문구 창업지원센터,2026-07-28,https://www.k-startup.go.kr/web/contents/bizpbanc-ongoing.do?schM=view&pbancSn=178319,2026-09-21 06:20
K-Startup,2026년 대학연대 창업 네트워크 캠프,와이앤아처 주식회사,2026-07-28,https://www.k-startup.go.kr/web/contents/bizpbanc-ongoing.do?schM=view&pbancSn=178511,2026-09-21 06:20
K-Startup,[서초창업스테이션] 7월 창업 교육 - 비즈니스 프레젠테이션 스킬 및 자료 제작,서초창업스테이션,2026-07-28,https://www.k-startup.go.kr/web/contents/bizpbanc-ongoing.do?schM=view&pbancSn=178523,2026-09-21 06:20
K-Startup,2026년 대전 스타트업스쿨 스타트업 리딩클래스 (2회차 ㅣ 링크드인 Sales 1위가 알려주는 퍼스널 브랜딩의 핵심 노하우와 B2B 매출 플레이북 실전 사례),대전창조경제혁신센터,2026-07-28,https://www.k-startup.go.kr/web/contents/bizpbanc-ongoing.do?schM=view&pbancSn=178439,2026-09-21 06:20
K-Startup,2026 전북콘텐츠코리아랩 창·제작자 시제품 제작지원 2차 추가모집 공고,(재)전북특별자치도 콘텐츠융합진흥원,2026-07-28,https://www.k-startup.go.kr/web/contents/bizpbanc-ongoing.do?schM=view&pbancSn=178570,2026-09-21 06:20
교육부_공지사항,2026년 산학일체형 도제학교 운영 현황,교육부,2026-07-28,https://www.moe.go.kr/boardCnts/view.do?boardID=316&boardSeq=106800,2026-09-21 06:20
K-Startup,[국민대학교 캠퍼스타운사업단] 2026 지역 현안 문제해결 연계 '성북 ON 창업교육 프로그램' 참가자 모집 (~7/29),국민대학교 캠퍼스타운사업단,2026-07-29,https://www.k-startup.go.kr/web/contents/bizpbanc-ongoing.do?schM=view&pbancSn=178585,2026-09-21 06:20
K-Startup,( ?투자금 3억원!?)제8회 창업투자경진대회 B-스타트업챌린지,(재)부산기술창업투자원,2026-07-29,https://www.k-startup.go.kr/web/contents/bizpbanc-ongoing.do?schM=view&pbancSn=178368,2026-09-21 06:20
교육부_사업공고,2026년 상반기 교육기부 진로체험 인증기관 선정 결과 공고,교육부,2026-07-29,https://www.moe.go.kr/boardCnts/view.do?boardID=72761&boardSeq=72761,2026-09-21 06:20
K-Startup,2026년 서울창업허브 창동-조이시티 오픈이노베이션 참가기업 모집,서울창업허브 창동,2026-07-29,https://www.k-startup.go.kr/web/contents/bizpbanc-ongoing.do?schM=view&pbancSn=178566,2026-09-21 06:20
K-Startup,2026년 부산 창업기업 액셀러레이팅 프로그램 참여기업 모집 공고,(재)부산창조경제혁신센터 대표이사,2026-07-29,https://www.k-startup.go.kr/web/contents/bizpbanc-ongoing.do?schM=view&pbancSn=178647,2026-09-21 06:20
K-Startup,[무료 웨비나] 2027년을 대비하는 기업 고정비 절감 전략,토스페이먼츠,2026-07-29,https://www.k-startup.go.kr/web/contents/bizpbanc-ongoing.do?schM=view&pbancSn=178657,2026-09-21 06:20
K-Startup,메이커스페이스 3D프린팅 교육/실습,관악구청,2026-07-29,https://www.k-startup.go.kr/web/contents/bizpbanc-ongoing.do?schM=view&pbancSn=178630,2026-09-21 06:20
K-Startup,2026 경기 스타트업 서밋 Invest Connect 2차 참가기업 모집,(재)경기도경제과학진흥원,2026-07-29,https://www.k-startup.go.kr/web/contents/bizpbanc-ongoing.do?schM=view&pbancSn=178532,2026-09-21 06:20
K-Startup,강동 K-ISS멘토링센터 전담멘티 3기 모집,주식회사 이노시아,2026-07-29,https://www.k-startup.go.kr/web/contents/bizpbanc-ongoing.do?schM=view&pbancSn=178241,2026-09-21 06:20
K-Startup,2026년 G-Space 입주기업 발굴·육성사업 입주기업 추가 모집 공고,(재)경남창조경제혁신센터,2026-07-29,https://www.k-startup.go.kr/web/contents/bizpbanc-ongoing.do?schM=view&pbancSn=178525,2026-09-21 06:20
K-Startup,2026년 제주 중장년 기술창업센터 입주기업 모집,제주 중장년 기술창업센터,2026-07-29,https://www.k-startup.go.kr/web/contents/bizpbanc-ongoing.do?schM=view&pbancSn=178435,2026-09-21 06:20
K-Startup,2026 아트코리아랩 입주기업 모집 공모,예술경영지원센터,2026-07-30,https://www.k-startup.go.kr/web/contents/bizpbanc-ongoing.do?schM=view&pbancSn=178499,2026-09-21 06:20
K-Startup,[무료 웨비나] 글로벌 시장을 위한 AI 마이크로 서비스 제작 실전,The Bridge Circle (TBC),2026-07-30,https://www.k-startup.go.kr/web/contents/bizpbanc-ongoing.do?schM=view&pbancSn=178625,2026-09-21 06:20
K-Startup,2026년 투자유치설명회 및 컨설팅 지원사업 공고,한국발명진흥회장,2026-07-30,https://www.k-startup.go.kr/web/contents/bizpbanc-ongoing.do?schM=view&pbancSn=178620,2026-09-21 06:20
K-Startup,바이오·메디컬 연구인프라 활용 지원사업,동국대학교 BMC창업보육센터,2026-07-30,https://www.k-startup.go.kr/web/contents/bizpbanc-ongoing.do?schM=view&pbancSn=178491,2026-09-21 06:20
K-Startup,[강동구 청년해냄센터] 스타트업 영 그라운드 MVP 개발 해커톤 참가자 모집,강동구 청년해냄센터,2026-07-30,https://www.k-startup.go.kr/web/contents/bizpbanc-ongoing.do?schM=view&pbancSn=178510,2026-09-21 06:20
K-Startup,[화성] 2026 ESG 기반 산업안전 컨설팅 참여기업 모집 안내,협성대학교 RISE 사업단,2026-07-30,https://www.k-startup.go.kr/web/contents/bizpbanc-ongoing.do?schM=view&pbancSn=178613,2026-09-21 06:20
K-Startup,2026년 세종특별자치시 나성동 AI융합창업보육센터 2차 입주기업(인큐베이팅룸) 모집 공고,(재)세종창조경제혁신센터,2026-07-30,https://www.k-startup.go.kr/web/contents/bizpbanc-ongoing.do?schM=view&pbancSn=178599,2026-09-21 06:20
K-Startup,동국대학교 창업보육센터(서울) 신규 입주기업 모집 공고,동국대학교 창업보육센,2026-07-30,https://www.k-startup.go.kr/web/contents/bizpbanc-ongoing.do?schM=view&pbancSn=178473,2026-09-21 06:20
K-Startup,⌈재도전응원본부 정책포럼⌋ 개최,한국청년기업가정신재단,2026-07-30,https://www.k-startup.go.kr/web/contents/bizpbanc-ongoing.do?schM=view&pbancSn=178688,2026-09-21 06:20
K-Startup,[강동구 청년해냄센터] 취약분야 상시 컨설팅 7월 참가자 모집 공고,강동구 청년해냄센터,2026-07-30,https://www.k-startup.go.kr/web/contents/bizpbanc-ongoing.do?schM=view&pbancSn=178188,2026-09-21 06:20
K-Startup,[교육안내]서울용산시제품제작소 메이커 장비교육 일정 및 신청_7월,한국전자정보통신산업진흥회,2026-07-30,https://www.k-startup.go.kr/web/contents/bizpbanc-ongoing.do?schM=view&pbancSn=178357,2026-09-21 06:20
K-Startup,2026년 대학(원)생 한의약 창업 아이디어 공모전,한국한의약진흥원,2026-07-30,https://www.k-startup.go.kr/web/contents/bizpbanc-ongoing.do?schM=view&pbancSn=178369,2026-09-21 06:20
교육부_공지사항,2026년 인성교육 활성화 시행계획,교육부,2026-07-30,https://www.moe.go.kr/boardCnts/view.do?boardID=316&boardSeq=106816,2026-09-21 06:20
K-Startup,2026년도 교통 분야 원스톱 수출환경 구축사업 참여기업 모집 공고,"한국도로교통공단 이사장,  강원창조경제혁신센터 대표이사",2026-07-31,https://www.k-startup.go.kr/web/contents/bizpbanc-ongoing.do?schM=view&pbancSn=178668,2026-09-21 06:20
K-Startup,2026년 스타 IR 데모데이 참여기업 모집공고(3차),스타에셋파트너스 주식회사,2026-07-31,https://www.k-startup.go.kr/web/contents/bizpbanc-ongoing.do?schM=view&pbancSn=178343,2026-09-21 06:20
K-Startup,2026 하반기 청년식품 창업캠프 참여자 모집 공고,한국식품산업클러스터진흥원,2026-07-31,https://www.k-startup.go.kr/web/contents/bizpbanc-ongoing.do?schM=view&pbancSn=178334,2026-09-21 06:20
K-Startup,dcamp startup OI #지역실증 스타트업 모집,재단법인 은행권청년창업재단,2026-07-31,https://www.k-startup.go.kr/web/contents/bizpbanc-ongoing.do?schM=view&pbancSn=178512,2026-09-21 06:20
K-Startup,2026년 연구개발특구 과학기술특성화대학 기술창업 경진대회 모집 공고,연구개발특구진흥재단,2026-07-31,https://www.k-startup.go.kr/web/contents/bizpbanc-ongoing.do?schM=view&pbancSn=178691,2026-09-21 06:20
K-Startup,"[주택도시보증공사] 예비창업가 지원 사업, 사회서비스 분야 모집 (~7/31)",재단법인 큐네스티,2026-07-31,https://www.k-startup.go.kr/web/contents/bizpbanc-ongoing.do?schM=view&pbancSn=178211,2026-09-21 06:20
K-Startup,26년 7월 스타트업 언론 홍보 지원사업 참가사 모집 공고(2차),스타트업 데일리,2026-07-31,https://www.k-startup.go.kr/web/contents/bizpbanc-ongoing.do?schM=view&pbancSn=178535,2026-09-21 06:20
K-Startup,(기간연장) [창업보육] 2026년 체육인 직업안정사업(창업새싹) 참여자 추가 모집(~7.31.),국민체육진흥공단,2026-07-31,https://www.k-startup.go.kr/web/contents/bizpbanc-ongoing.do?schM=view&pbancSn=178692,2026-09-21 06:20
교육부_공지사항,학교 먹는물 공급 현황,교육부,2026-07-31,https://www.moe.go.kr/boardCnts/view.do?boardID=316&boardSeq=106835,2026-09-21 06:20
K-Startup,조선대학교 앵커사업단 2026학년도 문화예술분야 스타트업 지원 참여기업 모집,조선대학교 앵커사업단,2026-07-31,https://www.k-startup.go.kr/web/contents/bizpbanc-ongoing.do?schM=view&pbancSn=178544,2026-09-21 06:20
K-Startup,2026 인천스타트업파크 부스트 스타트업(RESI Boston) 참가기업 모집공고,인천테크노파크 원장,2026-07-31,https://www.k-startup.go.kr/web/contents/bizpbanc-ongoing.do?schM=view&pbancSn=178656,2026-09-21 06:20
K-Startup,[2026년 경기 AI 혁신클러스터] AI 클러스터 오픈이노베이션 연계·실증 프로그램 참가기업 모집,경기도경제과학진흥원,2026-07-31,https://www.k-startup.go.kr/web/contents/bizpbanc-ongoing.do?schM=view&pbancSn=178553,2026-09-21 06:20
K-Startup,2026 벤처확인 인증준비기업 맞춤형 무료 진단 지원사업,(주)엠비즈플래닛 산하 혁신기술경영인증지원센터,2026-07-31,https://www.k-startup.go.kr/web/contents/bizpbanc-ongoing.do?schM=view&pbancSn=178346,2026-09-21 06:20
K-Startup,2026년 예비창업패키지 특화분야(소셜벤처)「창업준비 아카데미」교육생 모집(~7/31),벤처기업협회,2026-07-31,https://www.k-startup.go.kr/web/contents/bizpbanc-ongoing.do?schM=view&pbancSn=178715,2026-09-21 06:20
K-Startup,강원 바이오·헬스케어 산업 AI 대전환 지원사업(연장),(재)강원창조경제혁신센터,2026-07-31,https://www.k-startup.go.kr/web/contents/bizpbanc-ongoing.do?schM=view&pbancSn=178619,2026-09-21 06:20
K-Startup,용인시 AI 데이터 기반 창업 지원 참여자 모집 연장,함께일하는재단,2026-07-31,https://www.k-startup.go.kr/web/contents/bizpbanc-ongoing.do?schM=view&pbancSn=178739,2026-09-21 06:20
교육부_사업공고,2026년 산업맞춤 단기직무능력인증과정 매치업(Match業) 추가 공고,교육부,2026-07-31,https://www.moe.go.kr/boardCnts/view.do?boardID=72761&boardSeq=72761,2026-09-21 06:20
K-Startup,2026년 서울창업허브 창동 투자 특화 프로그램 - IR 라운드(1회차),서울창업허브 창동,2026-07-31,https://www.k-startup.go.kr/web/contents/bizpbanc-ongoing.do?schM=view&pbancSn=178569,2026-09-21 06:20
K-Startup,2026년 서울창업허브 창동-동아사이언스 오픈이노베이션 참가기업 모집,서울창업허브 창동,2026-07-31,https://www.k-startup.go.kr/web/contents/bizpbanc-ongoing.do?schM=view&pbancSn=178616,2026-09-21 06:20
K-Startup,2026년 진주시 스타트업 디지털마케팅 참여기업 모집공고,(재)경남창조경제혁신센터,2026-07-31,https://www.k-startup.go.kr/web/contents/bizpbanc-ongoing.do?schM=view&pbancSn=178612,2026-09-21 06:20
K-Startup,[충남]  43기 IP창업교육 여성 특화 과정 교육생 모집 공고,충남지식재산센터장,2026-07-31,https://www.k-startup.go.kr/web/contents/bizpbanc-ongoing.do?schM=view&pbancSn=178611,2026-09-21 06:20
K-Startup,ESG × AI 챌린지 해커톤 참가자 모집,경기창조경제혁신센터,2026-07-31,https://www.k-startup.go.kr/web/contents/bizpbanc-ongoing.do?schM=view&pbancSn=178574,2026-09-21 06:20
K-Startup,2026년 하반기 SBA-신용보증기금 혁신 스타트업 보증지원 사업,서울경제진흥원,2026-07-31,https://www.k-startup.go.kr/web/contents/bizpbanc-ongoing.do?schM=view&pbancSn=178608,2026-09-21 06:20
K-Startup,「민관협력 오픈이노베이션 지원」2026년  제2차 민간 선별추천형(Bottom-Up) 창업기업 모집공고,창업진흥원장,2026-07-31,https://www.k-startup.go.kr/web/contents/bizpbanc-ongoing.do?schM=view&pbancSn=178605,2026-09-21 06:20
K-Startup,(재)여성기업종합지원센터 제주센터 제2차 입주기업 모집 공고(~7/31),(재)여성기업종합지원센터 제주센,2026-07-31,https://www.k-startup.go.kr/web/contents/bizpbanc-ongoing.do?schM=view&pbancSn=178582,2026-09-21 06:20
K-Startup,1인기업 & 예비·초기창업자 환영! 강동50+센터 공유사무실 입주자 추가모집(~26.7.31.(금)),강동50플러스센터,2026-07-31,https://www.k-startup.go.kr/web/contents/bizpbanc-ongoing.do?schM=view&pbancSn=178601,2026-09-21 06:20
K-Startup,일본 후쿠오카 진출 지원 Plug in: Fukuoka #13 참가 스타트업 모집 공고(~ 7/31 18:00),(재)부산창조경제혁신센터 대표이사,2026-07-31,https://www.k-startup.go.kr/web/contents/bizpbanc-ongoing.do?schM=view&pbancSn=178640,2026-09-21 06:20
K-Startup,"출연연, 대학 연구소기업 Business Development 프로그램 참여 예비창업자 모집",연구개발특구진흥재단,2026-07-31,https://www.k-startup.go.kr/web/contents/bizpbanc-ongoing.do?schM=view&pbancSn=178192,2026-09-21 06:20
K-Startup,강원 바이오·헬스케어 산업 AI 대전환 지원사업,(재)강원창조경제혁신센터,2026-07-31,https://www.k-startup.go.kr/web/contents/bizpbanc-ongoing.do?schM=view&pbancSn=178564,2026-09-21 06:20
K-Startup,[국비지원] AI 기반 서비스 개발·사업화 1인 창업가 캠프 6기 모집,넥스트러너스 주식회사,2026-07-31,https://www.k-startup.go.kr/web/contents/bizpbanc-ongoing.do?schM=view&pbancSn=178347,2026-09-21 06:20
K-Startup,2026년 특허출원·등록 비용 바우처 지원사업 9차(하반기 2차),(사)한국중소기업발전협회,2026-07-31,https://www.k-startup.go.kr/web/contents/bizpbanc-ongoing.do?schM=view&pbancSn=178546,2026-09-21 06:20
K-Startup,화성시 소셜벤처 창업 아이디어 경진대회』 참여(예비)기업 모집 공고,화성특례시,2026-07-31,https://www.k-startup.go.kr/web/contents/bizpbanc-ongoing.do?schM=view&pbancSn=178390,2026-09-21 06:20
K-Startup,「2026 전북특구 이노폴리스 캠퍼스(액셀러레이팅 지원) 사업」배치프로그램 2기 참여기업 모집,주식회사 베타랩,2026-07-31,https://www.k-startup.go.kr/web/contents/bizpbanc-ongoing.do?schM=view&pbancSn=178388,2026-09-21 06:20
K-Startup,전북센터 2026년 제2차 BI입주기업 신규 모집공고(~7.31까지),(재)여성기업종합지원센터 전북센터,2026-07-31,https://www.k-startup.go.kr/web/contents/bizpbanc-ongoing.do?schM=view&pbancSn=178488,2026-09-21 06:20
K-Startup,2026 진주시 창업아이디어 경진대회 참여자 모집 공고,알에이치테크,2026-07-31,https://www.k-startup.go.kr/web/contents/bizpbanc-ongoing.do?schM=view&pbancSn=178471,2026-09-21 06:20
K-Startup,2026년 2차 충남대학교 창업보육센터 입주기업 모집공고,충남대학교 미래창업원,2026-07-31,https://www.k-startup.go.kr/web/contents/bizpbanc-ongoing.do?schM=view&pbancSn=178594,2026-09-21 06:20
K-Startup,NOROO Industrial Bio CONNECT 2026 오픈이노베이션 프로그램,(주)아이비유,2026-07-31,https://www.k-startup.go.kr/web/contents/bizpbanc-ongoing.do?schM=view&pbancSn=178438,2026-09-21 06:20
K-Startup,[벙커샷 파트너스] 컴퍼니빌딩 프로그램 참가기업 모집 공고,(주)벙커샷컴퍼니,2026-07-31,https://www.k-startup.go.kr/web/contents/bizpbanc-ongoing.do?schM=view&pbancSn=178424,2026-09-21 06:20
K-Startup,로그인로컬(#Login Local) 지역실증형 오픈이노베이션,서울창조경제혁신센터,2026-07-31,https://www.k-startup.go.kr/web/contents/bizpbanc-ongoing.do?schM=view&pbancSn=178428,2026-09-21 06:20
K-Startup,2026년 07월 초기 창업기업 대상  벤처기업 인증 행정자문&전략 수립 기업모집,박준범행정사사무소,2026-07-31,https://www.k-startup.go.kr/web/contents/bizpbanc-ongoing.do?schM=view&pbancSn=178384,2026-09-21 06:20
K-Startup,2026 협성대학교 창업보육센터 하반기 신규 입주기업 모집 공고,협성대학교 창업보육센터,2026-07-31,https://www.k-startup.go.kr/web/contents/bizpbanc-ongoing.do?schM=view&pbancSn=178358,2026-09-21 06:20
K-Startup,아시아 창업 엑스포(FLY ASIA 2026) 『글로벌 스케일업 지원 사업』 글로벌 스케일업 챔피언스 어워즈 참가기업 모집 공고,부산기술창업투자원,2026-07-31,https://www.k-startup.go.kr/web/contents/bizpbanc-ongoing.do?schM=view&pbancSn=178349,2026-09-21 06:20
K-Startup,2026년 중소기업 동행교육,근로복지공단 인재개발원,2026-07-31,https://www.k-startup.go.kr/web/contents/bizpbanc-ongoing.do?schM=view&pbancSn=178450,2026-09-21 06:20
K-Startup,충북대학교 『글로벌(G)테크벤처센터(BI) 』 입주기업 모집,충북대학교 글로벌(G)테크벤처센터,2026-07-31,https://www.k-startup.go.kr/web/contents/bizpbanc-ongoing.do?schM=view&pbancSn=178418,2026-09-21 06:20
K-Startup,벤처확인인증 사전진단&일대일 무료 밋업 지원사업,(주)엠비즈플래닛 산하 혁신기술경영인증지원센터,2026-07-31,https://www.k-startup.go.kr/web/contents/bizpbanc-ongoing.do?schM=view&pbancSn=178376,2026-09-21 06:20
K-Startup,[우리금융그룹] 2026 디노랩 Tech센터 1기 모집,우리금융지주,2026-08-02,https://www.k-startup.go.kr/web/contents/bizpbanc-ongoing.do?schM=view&pbancSn=178189,2026-09-21 06:20
K-Startup,"[KT&G 상상플래닛xICT CoC] 임팩트 조직 x 개발자 1:1 매칭 밋업 (8/4, 성수동)",KT&G 상상플래닛 운영,2026-08-02,https://www.k-startup.go.kr/web/contents/bizpbanc-ongoing.do?schM=view&pbancSn=178529,2026-09-21 06:20
K-Startup,[MYSC] 2026 FIN:NECT 해외 데모데이 참가기업 모집 (~8/2),엠와이소셜컴퍼니,2026-08-02,https://www.k-startup.go.kr/web/contents/bizpbanc-ongoing.do?schM=view&pbancSn=178590,2026-09-21 06:20
K-Startup,중앙대-금천구 창업 협력공간(WB가산타워 7층) 입주자 모집 공고(6차),중앙대학교 산학협력단,2026-08-02,https://www.k-startup.go.kr/web/contents/bizpbanc-ongoing.do?schM=view&pbancSn=178617,2026-09-21 06:20
K-Startup,[인천창조경제혁신센터xKT] 『SMART-X LAB 14기』 참여기업 모집,재단법인 인천창조경제혁신센터,2026-08-02,https://www.k-startup.go.kr/web/contents/bizpbanc-ongoing.do?schM=view&pbancSn=178537,2026-09-21 06:20
K-Startup,판교 제2테크노밸리 소프트웨어드림센터 스타트업 입주기업 모집 공고,소프트웨어공제조합,2026-08-02,https://www.k-startup.go.kr/web/contents/bizpbanc-ongoing.do?schM=view&pbancSn=178325,2026-09-21 06:20
K-Startup,[Try Everything 2026] 서울시 글로벌 창업행사 1:1 비즈니스 밋업,재단법인 서울경제진흥원,2026-08-02,https://www.k-startup.go.kr/web/contents/bizpbanc-ongoing.do?schM=view&pbancSn=178712,2026-09-21 06:20
K-Startup,중앙대-금천구 창업 협력공간(창업교육스튜디오) 입주자 모집 공고,중앙대학교 산학협력단,2026-08-02,https://www.k-startup.go.kr/web/contents/bizpbanc-ongoing.do?schM=view&pbancSn=178422,2026-09-21 06:20
K-Startup,2026 성공 창업 스쿨 모집 공고  (재도전 과정),강동구 청년해냄센터,2026-08-03,https://www.k-startup.go.kr/web/contents/bizpbanc-ongoing.do?schM=view&pbancSn=178587,2026-09-21 06:20
K-Startup,2026 한난 온랩(On-Lab) 프로그램 참가팀 모집 연장 (~8/3),(재)한국청년기업가정신재단,2026-08-03,https://www.k-startup.go.kr/web/contents/bizpbanc-ongoing.do?schM=view&pbancSn=178705,2026-09-21 06:20
교육부_사업공고,제14회 대한민국 인성시민교육대상 후보자 추천 공고,교육부,2026-08-03,https://www.moe.go.kr/boardCnts/view.do?boardID=72761&boardSeq=72761,2026-09-21 06:20
K-Startup,행정안전부 지역-기업 상생협력 지방소멸극복 아이디어 솔버톤,사회적협동조합menTory,2026-08-03,https://www.k-startup.go.kr/web/contents/bizpbanc-ongoing.do?schM=view&pbancSn=178568,2026-09-21 06:20
K-Startup,2026-9회 호남권 엔젤투자 피칭룸 in 전남광주 참가기업 모집 안내,한국엔젤투자협회 호남권 엔젤투자허브,2026-08-03,https://www.k-startup.go.kr/web/contents/bizpbanc-ongoing.do?schM=view&pbancSn=178650,2026-09-21 06:20
교육부_사업공고,2026년 민간위탁사무(국가기초학력지원센터 운영) 계약 체결 현황 공개,교육부,2026-08-03,https://www.moe.go.kr/boardCnts/view.do?boardID=72761&boardSeq=72761,2026-09-21 06:20
K-Startup,2026. 마을·청년 공유 플랫폼 하반기 예비창업팀 추가 모집,중원유스센터,2026-08-03,https://www.k-startup.go.kr/web/contents/bizpbanc-ongoing.do?schM=view&pbancSn=178595,2026-09-21 06:20
K-Startup,2026 GH 베이스캠프 참여기업 모집공고,경기주택도시공사,2026-08-03,https://www.k-startup.go.kr/web/contents/bizpbanc-ongoing.do?schM=view&pbancSn=178644,2026-09-21 06:20
K-Startup,2026년 서울핀테크랩 FIN-오픈이노베이션 Meep-up Day 8회차 - KB Innovation HUB,서울핀테크랩,2026-08-03,https://www.k-startup.go.kr/web/contents/bizpbanc-ongoing.do?schM=view&pbancSn=178534,2026-09-21 06:20
K-Startup,2026년 서울시 프렙 아카데미 하반기 11기 교육생 모집(7/6~8/3),서울신용보증재단,2026-08-03,https://www.k-startup.go.kr/web/contents/bizpbanc-ongoing.do?schM=view&pbancSn=178432,2026-09-21 06:20
K-Startup,2026년 5회차 지식재산 무료 초청교육 수요조사,한국특허정보원,2026-08-03,https://www.k-startup.go.kr/web/contents/bizpbanc-ongoing.do?schM=view&pbancSn=178515,2026-09-21 06:20
K-Startup,수원도시재단 「2026 창업오디션」 모집 수정 공고,수원도시재단,2026-08-03,https://www.k-startup.go.kr/web/contents/bizpbanc-ongoing.do?schM=view&pbancSn=178275,2026-09-21 06:20
K-Startup,"국내 대기업 협업 연계, 신한 오픈이노베이션 12기 모집(~8/3)",신한금융희망재단,2026-08-03,https://www.k-startup.go.kr/web/contents/bizpbanc-ongoing.do?schM=view&pbancSn=178456,2026-09-21 06:20
K-Startup,2026년 규제혁신 로봇 실증사업 2차 공고,한국로봇산업진흥원,2026-08-04,https://www.k-startup.go.kr/web/contents/bizpbanc-ongoing.do?schM=view&pbancSn=178538,2026-09-21 06:20
K-Startup,[강동구 청년해냄센터] 전문분야 창업멘토링 8월 참가자 모집,강동구 청년해냄센터,2026-08-04,https://www.k-startup.go.kr/web/contents/bizpbanc-ongoing.do?schM=view&pbancSn=178646,2026-09-21 06:20
K-Startup,&apos;Slush 2026&apos; 참가 지원 모집,서울경제진흥원,2026-08-04,https://www.k-startup.go.kr/web/contents/bizpbanc-ongoing.do?schM=view&pbancSn=178394,2026-09-21 06:20
K-Startup,[창업] 창업가를 위한 세무·회계 전략,마포청년창업취업지원센터 나루,2026-08-04,https://www.k-startup.go.kr/web/contents/bizpbanc-ongoing.do?schM=view&pbancSn=178576,2026-09-21 06:20
K-Startup,롯데중앙연구소×스타트업 오픈이노베이션 챌린지 2026 참여기업 모집,부산창조경제혁신센터,2026-08-04,https://www.k-startup.go.kr/web/contents/bizpbanc-ongoing.do?schM=view&pbancSn=178652,2026-09-21 06:20
K-Startup,26년 국토교통 창업지원센터 입주기업 추가 모집공고,국토교통과학기술진흥원,2026-08-04,https://www.k-startup.go.kr/web/contents/bizpbanc-ongoing.do?schM=view&pbancSn=178639,2026-09-21 06:20
K-Startup,「민관협력 오픈이노베이션 지원」2026년  제2차 방산 스타트업 챌린지(모두의 챌린지-방산) 창업기업 모집공고,중소벤처기업부장관,2026-08-04,https://www.k-startup.go.kr/web/contents/bizpbanc-ongoing.do?schM=view&pbancSn=178516,2026-09-21 06:20
K-Startup,[문화 예술 창업]메이커스페이스 자개 공예 원데이클래스,관악구청,2026-08-04,https://www.k-startup.go.kr/web/contents/bizpbanc-ongoing.do?schM=view&pbancSn=178631,2026-09-21 06:20
K-Startup,2026 생성형 AI 기반 영문 계약서 검토 및 무역 컴플라이언스 최적화 과정,(주)글로벌창업연구소,2026-08-04,https://www.k-startup.go.kr/web/contents/bizpbanc-ongoing.do?schM=view&pbancSn=178332,2026-09-21 06:20
교육부_사업공고,2026년 전문대학 특성화 선도대학 육성사업 공고,교육부,2026-08-04,https://www.moe.go.kr/boardCnts/view.do?boardID=72761&boardSeq=72761,2026-09-21 06:20
K-Startup,일본 CEATEC 2026 전시회 참가기업 모집 공고,재단법인 글로벌디지털혁신네트워크,2026-08-04,https://www.k-startup.go.kr/web/contents/bizpbanc-ongoing.do?schM=view&pbancSn=178658,2026-09-21 06:20
K-Startup,2026 글로벌 공공조달 DX·AX 혁신 리더 과정(2기) 세미나 모집,(주)글로벌창업연구소,2026-08-05,https://www.k-startup.go.kr/web/contents/bizpbanc-ongoing.do?schM=view&pbancSn=178292,2026-09-21 06:20
K-Startup,2026 빅웨이브 글로벌(일본4차) - 글로벌 오픈이노베이션 세미나 및 밋업(일본 츄가이제약) 참여기업 모집,인천창조경제혁신센터 대표이사,2026-08-05,https://www.k-startup.go.kr/web/contents/bizpbanc-ongoing.do?schM=view&pbancSn=178681,2026-09-21 06:20
K-Startup,성북구 한성대 벤처창업지원센터 하반기 입주기업 모집공고,성북구 한성대 벤처창업지원센터,2026-08-05,https://www.k-startup.go.kr/web/contents/bizpbanc-ongoing.do?schM=view&pbancSn=178648,2026-09-21 06:20
K-Startup,[창업] 스타트업 제안 및 영업 전략,마포청년창업취업지원센터 나루,2026-08-05,https://www.k-startup.go.kr/web/contents/bizpbanc-ongoing.do?schM=view&pbancSn=178580,2026-09-21 06:20
K-Startup,2026 연구 아이디어 기술사업화 챌린지 참가자 모집 공고 연장,한국보건산업진흥원,2026-08-05,https://www.k-startup.go.kr/web/contents/bizpbanc-ongoing.do?schM=view&pbancSn=178583,2026-09-21 06:20
K-Startup,2026년 지역창업특화지원사업(1인)  제3차 신규 입주기업 모집,용인시산업진흥원장,2026-08-05,https://www.k-startup.go.kr/web/contents/bizpbanc-ongoing.do?schM=view&pbancSn=178596,2026-09-21 06:20
K-Startup,2026년 성남시 북유럽 시장개척단 참여기업 모집,성남산업진흥원,2026-08-05,https://www.k-startup.go.kr/web/contents/bizpbanc-ongoing.do?schM=view&pbancSn=178642,2026-09-21 06:20
K-Startup,서울디자인런 2026 - 입점은 왜 이렇게 어려울까?,(주)오픈놀,2026-08-05,https://www.k-startup.go.kr/web/contents/bizpbanc-ongoing.do?schM=view&pbancSn=178689,2026-09-21 06:20
K-Startup,[ 모 집 ] GVC AI Platform Startup Enabling Program 참여 기업 모집,글로벌벤처센터,2026-08-05,https://www.k-startup.go.kr/web/contents/bizpbanc-ongoing.do?schM=view&pbancSn=178733,2026-09-21 06:20
K-Startup,인베스트서울 2026년도 하반기 Core기업 모집 연장 공고,재단법인 서울투자진흥재단,2026-08-06,https://www.k-startup.go.kr/web/contents/bizpbanc-ongoing.do?schM=view&pbancSn=178265,2026-09-21 06:20
교육부_사업공고,2026년 우즈베키스탄 한국유학박람회 위탁 용역 입찰 공고(타슈켄트한국교육원),교육부,2026-08-06,https://www.moe.go.kr/boardCnts/view.do?boardID=72761&boardSeq=72761,2026-09-21 06:20
K-Startup,2026년 광주투자액셀러레이팅 G-IN Next Level 13기 참여기업 모집공고,광주창조경제혁신센터,2026-08-06,https://www.k-startup.go.kr/web/contents/bizpbanc-ongoing.do?schM=view&pbancSn=178531,2026-09-21 06:20
K-Startup,[서울과학기술대학교]3D프린터 장비교육,서울과학기술대학교,2026-08-06,https://www.k-startup.go.kr/web/contents/bizpbanc-ongoing.do?schM=view&pbancSn=178753,2026-09-21 06:20
K-Startup,수원시 기업지원센터 1인창조기업 신규모집,수원도시재단,2026-08-07,https://www.k-startup.go.kr/web/contents/bizpbanc-ongoing.do?schM=view&pbancSn=178475,2026-09-21 06:20
K-Startup,도봉구『외식업 창업 인큐베이팅 랩』입주자 모집 공고,도봉구청,2026-08-07,https://www.k-startup.go.kr/web/contents/bizpbanc-ongoing.do?schM=view&pbancSn=178770,2026-09-21 06:20
K-Startup,수원시 기업지원센터 중소벤처기업 신규 모집,수원도시재단,2026-08-07,https://www.k-startup.go.kr/web/contents/bizpbanc-ongoing.do?schM=view&pbancSn=178476,2026-09-21 06:20
K-Startup,KAIST 딥테크 유망랩 라운드테이블,(주)아이비유,2026-08-07,https://www.k-startup.go.kr/web/contents/bizpbanc-ongoing.do?schM=view&pbancSn=178645,2026-09-21 06:20
K-Startup,2026년 성북구 중장년 기술창업센터 입주기업 모집공고(2차),성북구중장년기술창업센터장,2026-08-07,https://www.k-startup.go.kr/web/contents/bizpbanc-ongoing.do?schM=view&pbancSn=178618,2026-09-21 06:20
K-Startup,「제3회 DDM Union 청년 창업 아이디어 챌린지」참가자 모집 공고,서울특별시 동대문구청,2026-08-07,https://www.k-startup.go.kr/web/contents/bizpbanc-ongoing.do?schM=view&pbancSn=178664,2026-09-21 06:20
K-Startup,2026년  7월 KICXUP 서울 입주기업 모집공고,"한국산업단지공단,씨엔티테크",2026-08-07,https://www.k-startup.go.kr/web/contents/bizpbanc-ongoing.do?schM=view&pbancSn=178623,2026-09-21 06:20
K-Startup,라이콘 창업 경진대회 참여팀 모집(로컬 창업 아이디어톤),유원대학교 충남 앵커사업단,2026-08-07,https://www.k-startup.go.kr/web/contents/bizpbanc-ongoing.do?schM=view&pbancSn=178699,2026-09-21 06:20
K-Startup,「2026 한국전자전(KES)」관악S밸리관 참가기업 모집,관악중소벤처진흥원,2026-08-07,https://www.k-startup.go.kr/web/contents/bizpbanc-ongoing.do?schM=view&pbancSn=178659,2026-09-21 06:20
K-Startup,2026년 대구콘텐츠코리아랩 캐릭터 글로벌 진입 프로젝트 참가자 모집 공고,(재)대구디지털혁신진흥원,2026-08-07,https://www.k-startup.go.kr/web/contents/bizpbanc-ongoing.do?schM=view&pbancSn=178674,2026-09-21 06:20
K-Startup,2026년 WEROUND 제3차 신규 입주기업 모집 공고 (~8/7),서강대학교 판교캠퍼스사업단,2026-08-07,https://www.k-startup.go.kr/web/contents/bizpbanc-ongoing.do?schM=view&pbancSn=178635,2026-09-21 06:20
K-Startup,제4회 전남광주통합특별시 북구청장배 청년창업 아이디어 경진대회 참가자 모집,전남광주통합특별시 북구청,2026-08-07,https://www.k-startup.go.kr/web/contents/bizpbanc-ongoing.do?schM=view&pbancSn=178541,2026-09-21 06:20
K-Startup,고속도로 무형자산 활용 사업화 지원사업,한국도로공사,2026-08-07,https://www.k-startup.go.kr/web/contents/bizpbanc-ongoing.do?schM=view&pbancSn=178498,2026-09-21 06:20
K-Startup,2026 창조경제혁신센터 공동 Open Innovation 프로그램  개최 안내,서울창조경제혁신센터,2026-08-07,https://www.k-startup.go.kr/web/contents/bizpbanc-ongoing.do?schM=view&pbancSn=178501,2026-09-21 06:20
K-Startup,고려대기술지주(주) 판교인큐베이팅센터 입주기업 모집공고(기간연장),고려대학교기술지주 주식회사,2026-08-07,https://www.k-startup.go.kr/web/contents/bizpbanc-ongoing.do?schM=view&pbancSn=178700,2026-09-21 06:20
K-Startup,2026년 경기 스타트업 글로벌 성장 지원 「뉴욕 투자유치 지원 프로그램」참여기업 모집,씨엔티테크(주),2026-08-07,https://www.k-startup.go.kr/web/contents/bizpbanc-ongoing.do?schM=view&pbancSn=178549,2026-09-21 06:20
K-Startup,2026 Blender와 AI로 완성하는 3D콘텐츠 제작교육,차세대융합기술연구원,2026-08-07,https://www.k-startup.go.kr/web/contents/bizpbanc-ongoing.do?schM=view&pbancSn=178685,2026-09-21 06:20
K-Startup,제품 양산 패키지 수혜기업 모집(~8/7),경북대학교 스타트업지원센터장,2026-08-07,https://www.k-startup.go.kr/web/contents/bizpbanc-ongoing.do?schM=view&pbancSn=178654,2026-09-21 06:20
K-Startup,제3회 W-Venture 창업 경진대회(연장),(사)부울경여성벤처협회,2026-08-07,https://www.k-startup.go.kr/web/contents/bizpbanc-ongoing.do?schM=view&pbancSn=178653,2026-09-21 06:20
K-Startup,2026년 대구 스타트업 오픈이노베이션 자율제안형(상향식) 실증 프로그램 지원기업 모집 공고,(재)대구창조경제혁신센터 대표이사,2026-08-07,https://www.k-startup.go.kr/web/contents/bizpbanc-ongoing.do?schM=view&pbancSn=178649,2026-09-21 06:20
K-Startup,수원남문시장 「이어가게·열어가게」 창업아카데미 참여자 모집,수원도시재단,2026-08-07,https://www.k-startup.go.kr/web/contents/bizpbanc-ongoing.do?schM=view&pbancSn=178723,2026-09-21 06:20
K-Startup,제조 AI 기술 사업화 지원 수혜기업 모집(~8/7),경북대학교 스타트업지원센터장,2026-08-07,https://www.k-startup.go.kr/web/contents/bizpbanc-ongoing.do?schM=view&pbancSn=178655,2026-09-21 06:20
K-Startup,제5회 김해스타트업 창업캠프 참여기업 모집,김해의생명산업진흥원,2026-08-09,https://www.k-startup.go.kr/web/contents/bizpbanc-ongoing.do?schM=view&pbancSn=178717,2026-09-21 06:20
K-Startup,[윤민창의투자재단] 굿스타터 20기 모집,재단법인 윤민창의투자재단,2026-08-09,https://www.k-startup.go.kr/web/contents/bizpbanc-ongoing.do?schM=view&pbancSn=178371,2026-09-21 06:20
K-Startup,2026 북경대창업훈련캠프 글로벌 창업대회,BoxLadder,2026-08-09,https://www.k-startup.go.kr/web/contents/bizpbanc-ongoing.do?schM=view&pbancSn=178584,2026-09-21 06:20
K-Startup,2026년 재도전 커뮤니티 데이(수도권) 행사 사전등록 및 창업상담 참여자 모집,인천대학교,2026-08-09,https://www.k-startup.go.kr/web/contents/bizpbanc-ongoing.do?schM=view&pbancSn=178663,2026-09-21 06:20
교육부_사업공고,2026년 하반기 교육기부 진로체험기관 인증 추진 공고,교육부,2026-08-10,https://www.moe.go.kr/boardCnts/view.do?boardID=72761&boardSeq=72761,2026-09-21 06:20
K-Startup,「2026년 경기 레벨업 프로그램(하반기)」 지원기업 통합 모집공고,(재)경기콘텐츠진흥원,2026-08-10,https://www.k-startup.go.kr/web/contents/bizpbanc-ongoing.do?schM=view&pbancSn=178581,2026-09-21 06:20
K-Startup,아시아 창업 엑스포(FLY ASIA 2026) FLY ASIA 해외 어워즈 참가기업 모집 연장 공고,부산기술창업투자원,2026-08-10,https://www.k-startup.go.kr/web/contents/bizpbanc-ongoing.do?schM=view&pbancSn=178355,2026-09-21 06:20
K-Startup,2026 대구특구 글로벌 딥테크 지원사업 DEEP-BOUND 참가자 모집,와이앤아처(주),2026-08-10,https://www.k-startup.go.kr/web/contents/bizpbanc-ongoing.do?schM=view&pbancSn=178606,2026-09-21 06:20
K-Startup,제11회 소상공인 쇼케이스데이 참가기업 모집 (소상공인 투지유치 연계 & 판로확대 지원),중소상공인희망재단,2026-08-10,https://www.k-startup.go.kr/web/contents/bizpbanc-ongoing.do?schM=view&pbancSn=178539,2026-09-21 06:20
K-Startup,[공고 제2026-075호] 2026 Tri Nexus 「AI 딥테크」 오픈이노베이션 참여기업(스타트업) 모집,(재)충남창조경제혁신센터,2026-08-10,https://www.k-startup.go.kr/web/contents/bizpbanc-ongoing.do?schM=view&pbancSn=178609,2026-09-21 06:20
K-Startup,2026 지역창업 페스티벌 연계 제106회 대전창업포럼(AI•로봇) 참가 모집,(재)대전창조경제혁신센터,2026-08-10,https://www.k-startup.go.kr/web/contents/bizpbanc-ongoing.do?schM=view&pbancSn=178789,2026-09-21 06:20
K-Startup,[코레일유통/본사] 제9차 청년창업 제휴사업자 모집공고,코레일유통(주),2026-08-10,https://www.k-startup.go.kr/web/contents/bizpbanc-ongoing.do?schM=view&pbancSn=178732,2026-09-21 06:20
K-Startup,[무료/선착순] 대구데이터역량강화교육 AI Agent 개발,메타코드에이치,2026-08-10,https://www.k-startup.go.kr/web/contents/bizpbanc-ongoing.do?schM=view&pbancSn=178542,2026-09-21 06:20
K-Startup,2026 예술분야 예비창업 프로그램 참여자 모집,문화체육관광부·(재)예술경영지원센터,2026-08-10,https://www.k-startup.go.kr/web/contents/bizpbanc-ongoing.do?schM=view&pbancSn=178773,2026-09-21 06:20
교육부_공지사항,「고교학점제 지원센터 설치 및 운영 등에 관한 고시」 제정 알림,교육부,2026-08-10,https://www.moe.go.kr/boardCnts/view.do?boardID=316&boardSeq=106886,2026-09-21 06:20
K-Startup,2026년 프리 팁스 2차 창업기업 모집 공고,중소벤처기업부 장관,2026-08-10,https://www.k-startup.go.kr/web/contents/bizpbanc-ongoing.do?schM=view&pbancSn=178481,2026-09-21 06:20
K-Startup,2026 LG생활건강 Beauty Tech Greennovation 스타트업 추가모집공고,한국농업기술진흥원,2026-08-10,https://www.k-startup.go.kr/web/contents/bizpbanc-ongoing.do?schM=view&pbancSn=178514,2026-09-21 06:20
K-Startup,2026년 제 5회 경남 스타트업 IR「A.C.E(에이스) 경진대회」오픈리그 참여기업 모집 공고,재단법인 경남창조경제혁신센터,2026-08-10,https://www.k-startup.go.kr/web/contents/bizpbanc-ongoing.do?schM=view&pbancSn=178713,2026-09-21 06:20
K-Startup,(모집기간 연장)[한양대학교] 2026년 제23기 한양스타트업아카데미 교육생 모집(~8. 11.(화) 15:00까지),한양대학교 창업지원단,2026-08-11,https://www.k-startup.go.kr/web/contents/bizpbanc-ongoing.do?schM=view&pbancSn=178677,2026-09-21 06:20
K-Startup,[창업] 창업가를 위한 법률 기초 및 계약서 실무,마포청년창업취업지원센터 나루,2026-08-11,https://www.k-startup.go.kr/web/contents/bizpbanc-ongoing.do?schM=view&pbancSn=178578,2026-09-21 06:20
K-Startup,[한국수자원공사] CES 2027 K-water관 참여기관 모집 공고(2차),K-water 기후테크혁신처장,2026-08-11,https://www.k-startup.go.kr/web/contents/bizpbanc-ongoing.do?schM=view&pbancSn=178778,2026-09-21 06:20
K-Startup,2026년 제4차 대전창업허브 입주기업 모집공고,(재)대전창조경제혁신센터,2026-08-11,https://www.k-startup.go.kr/web/contents/bizpbanc-ongoing.do?schM=view&pbancSn=178727,2026-09-21 06:20
K-Startup,디캠프 8월 오피스아워 #벤처투자·#사업협력,재단법인 은행권청년창업재단,2026-08-11,https://www.k-startup.go.kr/web/contents/bizpbanc-ongoing.do?schM=view&pbancSn=178714,2026-09-21 06:20
K-Startup,청년취업사관학교 AI 창업가 양성 과정 참가자 모집,주식회사뉴키즈인베스트먼트,2026-08-11,https://www.k-startup.go.kr/web/contents/bizpbanc-ongoing.do?schM=view&pbancSn=178669,2026-09-21 06:20
K-Startup,호서대학교(단계별 창업솔루션) 지역문제 해결 청년창업 리빙랩,주식회사 킹고스프링,2026-08-11,https://www.k-startup.go.kr/web/contents/bizpbanc-ongoing.do?schM=view&pbancSn=178696,2026-09-21 06:20
K-Startup,2026년 2차 서울 AI 허브 신규 입주기업 모집 안내,서울 AI 허브,2026-08-11,https://www.k-startup.go.kr/web/contents/bizpbanc-ongoing.do?schM=view&pbancSn=178661,2026-09-21 06:20
K-Startup,「제5회 대구콘텐츠페어」 대구콘텐츠기업지원센터(DIP) 공동관 참가기업 모집,(재)대구디지털혁신진흥원,2026-08-11,https://www.k-startup.go.kr/web/contents/bizpbanc-ongoing.do?schM=view&pbancSn=178801,2026-09-21 06:20
K-Startup,[현직 엔지니어 1:1] 금형·단가·양산성에 막힌 하드웨어 스타트업 무료 코칭,인탑스(주),2026-08-11,https://www.k-startup.go.kr/web/contents/bizpbanc-ongoing.do?schM=view&pbancSn=178372,2026-09-21 06:20
K-Startup,"청년 창업의 꿈, 『성동청년 창업이룸센터』 입주자 모집 공고【9차】",서울특별시 성동구청장,2026-08-12,https://www.k-startup.go.kr/web/contents/bizpbanc-ongoing.do?schM=view&pbancSn=178724,2026-09-21 06:20
K-Startup,2026년 창업진흥원 대전 팁스타운 일본 파트너 초청 상담회 참가기업 모집 공고,창업진흥원장,2026-08-12,https://www.k-startup.go.kr/web/contents/bizpbanc-ongoing.do?schM=view&pbancSn=178839,2026-09-21 06:20
K-Startup,?[무료] 정책자금·TIPS 심사를 좌우하는 재무제표 결산 포인트?,하임벤처투자,2026-08-12,https://www.k-startup.go.kr/web/contents/bizpbanc-ongoing.do?schM=view&pbancSn=178840,2026-09-21 06:20
K-Startup,2026년도 방산 특화 창업중심대학 창업기업 모집 공고,중소벤처기업부 장관,2026-08-12,https://www.k-startup.go.kr/web/contents/bizpbanc-ongoing.do?schM=view&pbancSn=178662,2026-09-21 06:20
K-Startup,2026년 여성CEO 비즈니스 아카데미 경상권역 시즌 1,한국여성경제인협회,2026-08-12,https://www.k-startup.go.kr/web/contents/bizpbanc-ongoing.do?schM=view&pbancSn=178671,2026-09-21 06:20
K-Startup,2026년 제3회 ICT콤플렉스 스타트업 투자상담회 참가기업 모집,ICT콤플렉스,2026-08-12,https://www.k-startup.go.kr/web/contents/bizpbanc-ongoing.do?schM=view&pbancSn=178634,2026-09-21 06:20
교육부_사업공고,2026년 평생교육기관 평가·인증 신청 공고,교육부,2026-08-12,https://www.moe.go.kr/boardCnts/view.do?boardID=72761&boardSeq=72761,2026-09-21 06:20
교육부_사업공고,2026년 평생교육기관 평가·인증 업무 위탁 공고,교육부,2026-08-12,https://www.moe.go.kr/boardCnts/view.do?boardID=72761&boardSeq=72761,2026-09-21 06:20
교육부_공지사항,귀국학생 등의 학적서류 처리절차 간소화대상 학교목록(2026.8.11.기준),교육부,2026-08-12,https://www.moe.go.kr/boardCnts/view.do?boardID=316&boardSeq=106901,2026-09-21 06:20
K-Startup,2026 경기 스타트업 서밋(G-SUMMIT 2026) 전시부스 참가기업 모집,경기도경제과학진흥원,2026-08-13,https://www.k-startup.go.kr/web/contents/bizpbanc-ongoing.do?schM=view&pbancSn=178497,2026-09-21 06:20
K-Startup,앤틀러코리아 ANTLER FORGE 소개 웨비나 | 팀 당 6억원 규모 투자,앤틀러코리아,2026-08-13,https://www.k-startup.go.kr/web/contents/bizpbanc-ongoing.do?schM=view&pbancSn=178725,2026-09-21 06:20
K-Startup,2026  시흥시 스타트업 통합 IR DAY,(주)엔슬파트너스,2026-08-13,https://www.k-startup.go.kr/web/contents/bizpbanc-ongoing.do?schM=view&pbancSn=178680,2026-09-21 06:20
K-Startup,"해외 로드쇼 참가, 『신한 스퀘어브릿지』 2026 글로벌 참여 스타트업 모집(~8/13)",신한금융희망재단,2026-08-13,https://www.k-startup.go.kr/web/contents/bizpbanc-ongoing.do?schM=view&pbancSn=178458,2026-09-21 06:20
K-Startup,[2026년 G-Space 창업기업 홍보 콘텐츠 제작 지원사업] 창업기업  모집연장공고,(재)경남창조경제혁신센터 대표이사,2026-08-13,https://www.k-startup.go.kr/web/contents/bizpbanc-ongoing.do?schM=view&pbancSn=178667,2026-09-21 06:20
K-Startup,(재)여성기업종합지원센터 인천센터 2026년 제1차 입주기업 모집 공고,(재)여성기업종합지원센터 인천센터,2026-08-13,https://www.k-startup.go.kr/web/contents/bizpbanc-ongoing.do?schM=view&pbancSn=178665,2026-09-21 06:20
K-Startup,2026년 재도전성공패키지 충청·강원권 커뮤니티 데이,주식회사 알파브라더스,2026-08-13,https://www.k-startup.go.kr/web/contents/bizpbanc-ongoing.do?schM=view&pbancSn=178814,2026-09-21 06:20
K-Startup,2026년 8월 동네창업학교 교육생 모집 공고,충남신용보증재단,2026-08-13,https://www.k-startup.go.kr/web/contents/bizpbanc-ongoing.do?schM=view&pbancSn=178742,2026-09-21 06:20
K-Startup,2026년 논산시 사회적경제 창업 아카데미 교육생 모집,논산시 사회적경제통합지원센터,2026-08-13,https://www.k-startup.go.kr/web/contents/bizpbanc-ongoing.do?schM=view&pbancSn=178548,2026-09-21 06:20
K-Startup,여성 1인 창조기업 지원센터 신규 입주기업 모집,(사)한국여성벤처협회 여성특화 1인 창조기업지원 센터장,2026-08-13,https://www.k-startup.go.kr/web/contents/bizpbanc-ongoing.do?schM=view&pbancSn=178643,2026-09-21 06:20
교육부_사업공고,2026년도 공공기관 고객만족도 조사 주관사업자 선정 공고,교육부,2026-08-13,https://www.moe.go.kr/boardCnts/view.do?boardID=72761&boardSeq=72761,2026-09-21 06:20
K-Startup,[대전관광공사] 2026 대전세종 관광기업 네트워킹 데이 3회차 참여기업 모집,대전관광공사,2026-08-13,https://www.k-startup.go.kr/web/contents/bizpbanc-ongoing.do?schM=view&pbancSn=178703,2026-09-21 06:20
K-Startup,2026년 청년창업 아이디에이션 4.0 참가자 모집 공고,성남시청소년청년재단,2026-08-13,https://www.k-startup.go.kr/web/contents/bizpbanc-ongoing.do?schM=view&pbancSn=178551,2026-09-21 06:20
K-Startup,2026년 대구 콘텐츠 스케일업 액셀러레이팅 프로그램 지원사업 참여기업 모집 공고,(재)대구디지털혁신진흥원,2026-08-13,https://www.k-startup.go.kr/web/contents/bizpbanc-ongoing.do?schM=view&pbancSn=178598,2026-09-21 06:20
K-Startup,「2026년 공공데이터 활용기업 AI연계 맞춤형 성장 지원사업」 참여기업 모집 안내,한국지능정보사회진흥원,2026-08-14,https://www.k-startup.go.kr/web/contents/bizpbanc-ongoing.do?schM=view&pbancSn=178559,2026-09-21 06:20
K-Startup,『춘천시 1인 창조기업 지원센터 입주기업 모집 』공고 (9월),공고 기업(기관)명 : 춘천시1인창조기업지원센터,2026-08-14,https://www.k-startup.go.kr/web/contents/bizpbanc-ongoing.do?schM=view&pbancSn=178720,2026-09-21 06:20
K-Startup,2026 공공기술 활용 딥테크 창업 경진대회,"대전창조경제혁신센터, 나노종합기술원",2026-08-14,https://www.k-startup.go.kr/web/contents/bizpbanc-ongoing.do?schM=view&pbancSn=178621,2026-09-21 06:20
K-Startup,(재)여성기업종합지원센터 제주센터 제2차 입주기업 모집 연장 공고(~8/14),(재)여성기업종합지원센터 제주센,2026-08-14,https://www.k-startup.go.kr/web/contents/bizpbanc-ongoing.do?schM=view&pbancSn=178832,2026-09-21 06:20
K-Startup,2026년 『G-Bio Funding Lab』 경기 바이오스타트업 투자유치 역량강화 참가기업 모집 공고,(재)경기도경제과학진흥원,2026-08-14,https://www.k-startup.go.kr/web/contents/bizpbanc-ongoing.do?schM=view&pbancSn=178744,2026-09-21 06:20
K-Startup,「2026 청년창업 지역정착 지원사업」 신규참여자 3차 추가모집,경상북도경제진흥원,2026-08-14,https://www.k-startup.go.kr/web/contents/bizpbanc-ongoing.do?schM=view&pbancSn=178747,2026-09-21 06:20
K-Startup,2026년 특허출원·등록 비용 바우처 지원사업 10차(하반기 3차),(사)한국중소기업발전협회,2026-08-14,https://www.k-startup.go.kr/web/contents/bizpbanc-ongoing.do?schM=view&pbancSn=178716,2026-09-21 06:20
K-Startup,하반기「스타트업 점프업 스쿨」 기술창업교육 참여기업 모집,성남산업진흥원,2026-08-14,https://www.k-startup.go.kr/web/contents/bizpbanc-ongoing.do?schM=view&pbancSn=178761,2026-09-21 06:20
K-Startup,2026년 창업 준비 아카데미 [원석 발굴 창업캠프 1차] 참가자 모집,광운대학교 NCI창업패키지사업단,2026-08-14,https://www.k-startup.go.kr/web/contents/bizpbanc-ongoing.do?schM=view&pbancSn=178808,2026-09-21 06:20
K-Startup,연구개발특구진흥재단 X HS효성/효성  2026년 오픈이노베이션 배치프로그램 참가기업 모집공고,주식회사 베타랩,2026-08-14,https://www.k-startup.go.kr/web/contents/bizpbanc-ongoing.do?schM=view&pbancSn=178764,2026-09-21 06:20
K-Startup,충북대학교 『글로벌(G)테크벤처센터』연구소기업 참여희망 기업 모집 안내,충북대학교 글로벌(G)테크벤처센터,2026-08-14,https://www.k-startup.go.kr/web/contents/bizpbanc-ongoing.do?schM=view&pbancSn=178777,2026-09-21 06:20
K-Startup,로보어드바이저(RA) 신규 알고리즘 발굴 사업,키움증권,2026-08-14,https://www.k-startup.go.kr/web/contents/bizpbanc-ongoing.do?schM=view&pbancSn=178787,2026-09-21 06:20
K-Startup,2026년 국토교통 중소벤처기업 투자유치설명회 참여기업 모집 공고,국토교통과학기술진흥원,2026-08-14,https://www.k-startup.go.kr/web/contents/bizpbanc-ongoing.do?schM=view&pbancSn=178729,2026-09-21 06:20
K-Startup,2026 서울시 중장년 채용박람회 권역별 참여기업 모집,서울시50플러스재단,2026-08-14,https://www.k-startup.go.kr/web/contents/bizpbanc-ongoing.do?schM=view&pbancSn=178557,2026-09-21 06:20
K-Startup,[창업] 특허·상표 지식재산권 실무,마포청년창업취업지원센터 나루,2026-08-14,https://www.k-startup.go.kr/web/contents/bizpbanc-ongoing.do?schM=view&pbancSn=178579,2026-09-21 06:20
K-Startup,2026년 서울지식재산센터 IP디딤돌 IP창업존 32기 교육생 모집(2026년 1차),재단법인 서울경제진흥원,2026-08-14,https://www.k-startup.go.kr/web/contents/bizpbanc-ongoing.do?schM=view&pbancSn=178793,2026-09-21 06:20
K-Startup,제13회 기업가정신 교육 우수사례 경진대회 참가자 모집,한국청년기업가정신재단,2026-08-14,https://www.k-startup.go.kr/web/contents/bizpbanc-ongoing.do?schM=view&pbancSn=178632,2026-09-21 06:20
K-Startup,기술창업 성장패키지 지원 참여기업 모집공고,(재)광주테크노파크,2026-08-14,https://www.k-startup.go.kr/web/contents/bizpbanc-ongoing.do?schM=view&pbancSn=178684,2026-09-21 06:20
K-Startup,2026년 제1회 테크플러스 스테이지 입주기업 모집 공고,(재)광주테크노파크,2026-08-14,https://www.k-startup.go.kr/web/contents/bizpbanc-ongoing.do?schM=view&pbancSn=178683,2026-09-21 06:20
K-Startup,[투자 및 TIPS 추천] 한림대학교 Station C 연계 창업기업 투자·육성 지원 프로그램 참가 안내,한국바이오투자파트너스,2026-08-14,https://www.k-startup.go.kr/web/contents/bizpbanc-ongoing.do?schM=view&pbancSn=178682,2026-09-21 06:20
K-Startup,관악 라이브커머스 지원 참여기업 모집,관악구청,2026-08-16,https://www.k-startup.go.kr/web/contents/bizpbanc-ongoing.do?schM=view&pbancSn=178637,2026-09-21 06:20
K-Startup,26년 8월 스타트업 언론 홍보 지원사업 참가사 모집 공고(1차),스타트업 데일리,2026-08-16,https://www.k-startup.go.kr/web/contents/bizpbanc-ongoing.do?schM=view&pbancSn=178759,2026-09-21 06:20
K-Startup,2026년  AWS X AI 실무 프로젝트 아카데미 교육생 모집,인천대학교 창업지원단,2026-08-16,https://www.k-startup.go.kr/web/contents/bizpbanc-ongoing.do?schM=view&pbancSn=178842,2026-09-21 06:20
K-Startup,[혁신창업캠프]청년 창업자를 위한 창업 인사이트 캠프,관악구청,2026-08-16,https://www.k-startup.go.kr/web/contents/bizpbanc-ongoing.do?schM=view&pbancSn=178752,2026-09-21 06:20
K-Startup,2026년 SaaS 전환지원센터xAWS SaaS 현대화 교육 2회차 참가자 모집 공고,"정보통신산업진흥원, SaaS 전환지원센터",2026-08-17,https://www.k-startup.go.kr/web/contents/bizpbanc-ongoing.do?schM=view&pbancSn=178782,2026-09-21 06:20
K-Startup,2026년 창업혁신공간(동부권) 하남시 스타트업 발굴 및 육성 지원사업 &apos;이루다+&apos; 참여기업 모집,경기도경제과학진흥원,2026-08-17,https://www.k-startup.go.kr/web/contents/bizpbanc-ongoing.do?schM=view&pbancSn=178757,2026-09-21 06:20
K-Startup,"2026 서울창업허브 공덕 8월 허브아워 - 투자, 보증, 공공데이터",(재)서울경제진흥원,2026-08-17,https://www.k-startup.go.kr/web/contents/bizpbanc-ongoing.do?schM=view&pbancSn=178866,2026-09-21 06:20
K-Startup,2027 서울관광플라자 신규 입주 스타트업 모집 공고,서울관광재단,2026-08-17,https://www.k-startup.go.kr/web/contents/bizpbanc-ongoing.do?schM=view&pbancSn=178711,2026-09-21 06:20
K-Startup,2026년 서울창업허브 창동-조이시티 오픈이노베이션 참가기업 추가모집,서울창업허브 창동,2026-08-17,https://www.k-startup.go.kr/web/contents/bizpbanc-ongoing.do?schM=view&pbancSn=178855,2026-09-21 06:20
K-Startup,2026 주력산업분야 창업기업 스케일업 사업화지원,선문대학교 창업보육센터,2026-08-17,https://www.k-startup.go.kr/web/contents/bizpbanc-ongoing.do?schM=view&pbancSn=178874,2026-09-21 06:20
K-Startup,한계를 뛰어넘는 연구와 기술에 투자하다 hosted by ARIA × Antler Korea 밋업,앤틀러코리아,2026-08-17,https://www.k-startup.go.kr/web/contents/bizpbanc-ongoing.do?schM=view&pbancSn=178730,2026-09-21 06:20
K-Startup,"[네스토리움] AI시대, 예비·초기창업기업 생존전략 세미나",네스토리움 주식회사,2026-08-17,https://www.k-startup.go.kr/web/contents/bizpbanc-ongoing.do?schM=view&pbancSn=178822,2026-09-21 06:20
K-Startup,「2026년 대구콘텐츠기업지원센터 기업 경영 상담 프로그램(2차)」 공고,(재)대구디지털혁신진흥원,2026-08-17,https://www.k-startup.go.kr/web/contents/bizpbanc-ongoing.do?schM=view&pbancSn=178876,2026-09-21 06:20
K-Startup,"<2026 로컬 스타트업 챌린지, 의정부 2026>",경기콘텐츠진흥원,2026-08-17,https://www.k-startup.go.kr/web/contents/bizpbanc-ongoing.do?schM=view&pbancSn=178629,2026-09-21 06:20
K-Startup,서울디자인런 2026 - 클릭이 구매로 전환되는 시점,(주)오픈놀,2026-08-18,https://www.k-startup.go.kr/web/contents/bizpbanc-ongoing.do?schM=view&pbancSn=178909,2026-09-21 06:20
교육부_공지사항,2025년 하반기 교육기부 프로그램북 공지,교육부,2026-08-18,https://www.moe.go.kr/boardCnts/view.do?boardID=316&boardSeq=106913,2026-09-21 06:20
교육부_공지사항,2025년도 교육기부 활동 우수사례집(대학생 우수동아리) 안내,교육부,2026-08-18,https://www.moe.go.kr/boardCnts/view.do?boardID=316&boardSeq=106914,2026-09-21 06:20
교육부_공지사항,2026년 상반기 교육기부 프로그램북 공지,교육부,2026-08-18,https://www.moe.go.kr/boardCnts/view.do?boardID=316&boardSeq=106915,2026-09-21 06:20
K-Startup,[무료 AI 역량강화 교육] 생성형 AI 기반 글로벌 특허 분석 및 지식재산권 우회·리스크 최적화 과정,(주)글로벌창업연구소,2026-08-18,https://www.k-startup.go.kr/web/contents/bizpbanc-ongoing.do?schM=view&pbancSn=178513,2026-09-21 06:20
K-Startup,2026 제3차 노원사회적경제지원센터 입주기업 신규 공모,노원사회적경제지원센터,2026-08-18,https://www.k-startup.go.kr/web/contents/bizpbanc-ongoing.do?schM=view&pbancSn=178783,2026-09-21 06:20
K-Startup,[용인시산업진흥원] 2026년 용인 오픈이노베이션 교류회 3회차(바이오·헬스케어),알파브라더스,2026-08-18,https://www.k-startup.go.kr/web/contents/bizpbanc-ongoing.do?schM=view&pbancSn=178790,2026-09-21 06:20
K-Startup,2026 산업단지 오픈이노베이션프로그램 KICXUP 챌린지 & 로컬 스타트업 모집 공고,한국산업단지공단,2026-08-18,https://www.k-startup.go.kr/web/contents/bizpbanc-ongoing.do?schM=view&pbancSn=178746,2026-09-21 06:20
K-Startup,[경과원X메가존] AWS AI-DLC 기반 원데이 워크숍,경기도경제과학진흥원,2026-08-18,https://www.k-startup.go.kr/web/contents/bizpbanc-ongoing.do?schM=view&pbancSn=178865,2026-09-21 06:20
K-Startup,[서귀포시] 2026년 서귀포시 스타트업타운 공석에 따른 입주기업 2기 하반기 모집 (~8/18),넥스트챌린지,2026-08-18,https://www.k-startup.go.kr/web/contents/bizpbanc-ongoing.do?schM=view&pbancSn=178750,2026-09-21 06:20
K-Startup,2026년 웰컴 투 팁스 1차 참가기업 모집 (충청권),(주)로우파트너스,2026-08-18,https://www.k-startup.go.kr/web/contents/bizpbanc-ongoing.do?schM=view&pbancSn=178845,2026-09-21 06:20
K-Startup,[강동구 청년해냄센터]  투자유치  마스터 스쿨 참가자 모집 공고,감동구 청년해냄센터,2026-08-18,https://www.k-startup.go.kr/web/contents/bizpbanc-ongoing.do?schM=view&pbancSn=178797,2026-09-21 06:20
K-Startup,2026년 경기스타트업플랫폼 온라인 밋업위크(3차) 참가기업 모집,경기도경제과학진흥원,2026-08-18,https://www.k-startup.go.kr/web/contents/bizpbanc-ongoing.do?schM=view&pbancSn=178809,2026-09-21 06:20
K-Startup,중앙대-금천구 창업 협력공간(창업교육스튜디오) 입주자 모집 공고(2차),중앙대학교 산학협력단,2026-08-18,https://www.k-startup.go.kr/web/contents/bizpbanc-ongoing.do?schM=view&pbancSn=178807,2026-09-21 06:20
K-Startup,2026년 CKL기업지원센터 입주기업 하반기 모집 공고,한국콘텐츠진흥원,2026-08-18,https://www.k-startup.go.kr/web/contents/bizpbanc-ongoing.do?schM=view&pbancSn=178818,2026-09-21 06:20
K-Startup,중앙대-금천구 창업 협력공간(혁신지원거점센터) 입주자 모집 공고(7차),중앙대학교 산학협력단,2026-08-18,https://www.k-startup.go.kr/web/contents/bizpbanc-ongoing.do?schM=view&pbancSn=178805,2026-09-21 06:20
K-Startup,2026 관광기업 베트남 오픈 이노베이션 참가기업 모집,한국관광공사,2026-08-18,https://www.k-startup.go.kr/web/contents/bizpbanc-ongoing.do?schM=view&pbancSn=178862,2026-09-21 06:20
K-Startup,2026년 성남시 폴란드 방산 시장개척단 참가기업 모집,성남산업진흥원,2026-08-18,https://www.k-startup.go.kr/web/contents/bizpbanc-ongoing.do?schM=view&pbancSn=178812,2026-09-21 06:20
K-Startup,[모집기간연장] 제11회 소상공인 쇼케이스데이 참가기업 모집 (소상공인 투지유치 연계 & 판로확대 지원),재단법인 중소상공인희망재단,2026-08-18,https://www.k-startup.go.kr/web/contents/bizpbanc-ongoing.do?schM=view&pbancSn=178869,2026-09-21 06:20
K-Startup,[킹고스프링] KINGO LIPS SPRINGBOARD PROGRAM 5기 모집공고,주식회사 킹고스프링,2026-08-19,https://www.k-startup.go.kr/web/contents/bizpbanc-ongoing.do?schM=view&pbancSn=178859,2026-09-21 06:20
K-Startup,[글로벌] 2026 BIOHEALTH GLOBAL BRIDGE : JOHNS HOPKINS / HIKMA 프로그램 참가기업 모집,서울창조경제혁신센터,2026-08-19,https://www.k-startup.go.kr/web/contents/bizpbanc-ongoing.do?schM=view&pbancSn=178743,2026-09-21 06:20
K-Startup,2026 KU AI Nest AI 창업 실전 교육 프로그램,건국대학교,2026-08-19,https://www.k-startup.go.kr/web/contents/bizpbanc-ongoing.do?schM=view&pbancSn=178895,2026-09-21 06:20
K-Startup,구로구 청년창업지원센터 일반 창업교육(반기: 1회차): 정부지원사업 효율적인 활용 방법,구로구 청년창업지원센터,2026-08-19,https://www.k-startup.go.kr/web/contents/bizpbanc-ongoing.do?schM=view&pbancSn=178769,2026-09-21 06:20
K-Startup,2026년 여성CEO 비즈니스 아카데미 서울권역 시즌 2,한국여성경제인협회,2026-08-19,https://www.k-startup.go.kr/web/contents/bizpbanc-ongoing.do?schM=view&pbancSn=178741,2026-09-21 06:20
교육부_공지사항,2026년 특수교육통계,교육부,2026-08-19,https://www.moe.go.kr/boardCnts/view.do?boardID=316&boardSeq=106964,2026-09-21 06:20
K-Startup,2026 YUnicorn 지역정주형 창업스쿨 참여자 모집,영남대학교 YUnicorn창업지원단,2026-08-19,https://www.k-startup.go.kr/web/contents/bizpbanc-ongoing.do?schM=view&pbancSn=178889,2026-09-21 06:20
K-Startup,[서초창업스테이션] 서리풀 소상공인 창업 클리닉(8월) - 소상공인 1:1 컨설팅,서초창업스테이션,2026-08-19,https://www.k-startup.go.kr/web/contents/bizpbanc-ongoing.do?schM=view&pbancSn=178690,2026-09-21 06:20
K-Startup,2026년 8월 크립톤 IR피칭 & 오피스아워 신청 접수,크립톤 부산센터,2026-08-19,https://www.k-startup.go.kr/web/contents/bizpbanc-ongoing.do?schM=view&pbancSn=178907,2026-09-21 06:20
K-Startup,2026년 창업기업 오프라인 팝업스토어 및 기획전 입점기업 모집공고,한국중소기업벤처유통원,2026-08-19,https://www.k-startup.go.kr/web/contents/bizpbanc-ongoing.do?schM=view&pbancSn=178751,2026-09-21 06:20
K-Startup,「2026년 로봇 기반 공간컴퓨팅 창업지원사업」예비창업자(팀) 모집 추가공고,(재)대구테크노파크,2026-08-19,https://www.k-startup.go.kr/web/contents/bizpbanc-ongoing.do?schM=view&pbancSn=178833,2026-09-21 06:20
K-Startup,[무료] AI 콘텐츠 마케터/1인 마케팅 에이전시 창업가 육성과정,(주)메타코드에이치,2026-08-19,https://www.k-startup.go.kr/web/contents/bizpbanc-ongoing.do?schM=view&pbancSn=178627,2026-09-21 06:20
K-Startup,"2026년 제3차 창업지원센터 입주기업 모집공고(~8/19, 수 16시까지)",용인시산업진흥원,2026-08-19,https://www.k-startup.go.kr/web/contents/bizpbanc-ongoing.do?schM=view&pbancSn=178708,2026-09-21 06:20
K-Startup,Se7en on the table 전문가 멘토링 프로그램 참가기업 모집 (~08.19),서강대학교 판교캠퍼스사업단,2026-08-19,https://www.k-startup.go.kr/web/contents/bizpbanc-ongoing.do?schM=view&pbancSn=178837,2026-09-21 06:20
K-Startup,경기 서부권 기술사업화 세미나,가톨릭대학교,2026-08-19,https://www.k-startup.go.kr/web/contents/bizpbanc-ongoing.do?schM=view&pbancSn=178670,2026-09-21 06:20
K-Startup,제 2회 판다밋업 :  AI 반도체 글로벌 파트너십  Innovation Bridge,경기도 4차산업혁명센터,2026-08-20,https://www.k-startup.go.kr/web/contents/bizpbanc-ongoing.do?schM=view&pbancSn=178791,2026-09-21 06:20
K-Startup,2026 예술기업 상생혁신(오픈이노베이션) 지원사업 참여기업 공모,(재)예술경영지원센터,2026-08-20,https://www.k-startup.go.kr/web/contents/bizpbanc-ongoing.do?schM=view&pbancSn=178857,2026-09-21 06:20
K-Startup,2026년 28청춘창업소 액셀러레이팅 창업 역량강화교육,고양산업진흥원,2026-08-20,https://www.k-startup.go.kr/web/contents/bizpbanc-ongoing.do?schM=view&pbancSn=178804,2026-09-21 06:20
K-Startup,「다시 쓰는 성공기」 제14회 재도전 사례 공모전 참가 모집 공고,중소벤처기업부 장관,2026-08-20,https://www.k-startup.go.kr/web/contents/bizpbanc-ongoing.do?schM=view&pbancSn=178426,2026-09-21 06:20
K-Startup,[대전관광공사] 2026 대전·세종 관광 창업 역량강화교육 및 창업경진대회 참가자 모집,대전관광공사,2026-08-20,https://www.k-startup.go.kr/web/contents/bizpbanc-ongoing.do?schM=view&pbancSn=178823,2026-09-21 06:20
K-Startup,2026년 제2회 사회서비스 투자 교류회 행사 및 참석자 모집 안내,(주)엠와이소셜컴퍼니,2026-08-20,https://www.k-startup.go.kr/web/contents/bizpbanc-ongoing.do?schM=view&pbancSn=178908,2026-09-21 06:20
K-Startup,2026년  서울시 기후테크 3D프린팅 장비 활용 교육,서울기후테크산업지원센터장,2026-08-21,https://www.k-startup.go.kr/web/contents/bizpbanc-ongoing.do?schM=view&pbancSn=178813,2026-09-21 06:20
K-Startup,2026 KB스타터스 전문가 세미나,서울창조경제혁신센터,2026-08-21,https://www.k-startup.go.kr/web/contents/bizpbanc-ongoing.do?schM=view&pbancSn=178748,2026-09-21 06:20
K-Startup,2026년 초기창업패키지 로켓십 IR 경진대회 참가기업 모집 (1회차: AI·빅데이터),씨엔티테크(주),2026-08-21,https://www.k-startup.go.kr/web/contents/bizpbanc-ongoing.do?schM=view&pbancSn=178824,2026-09-21 06:20
K-Startup,2026년 벤처확인 도전기업 일대일 비대면 밋업 참여기업 모집,(주)엠비즈플래닛 산하 혁신기술경영인증지원센터,2026-08-21,https://www.k-startup.go.kr/web/contents/bizpbanc-ongoing.do?schM=view&pbancSn=178556,2026-09-21 06:20
K-Startup,2026년 기술기반 창업 스케일업 지원 액셀러레이팅 프로그램 모집 공고,(주)티비즈,2026-08-21,https://www.k-startup.go.kr/web/contents/bizpbanc-ongoing.do?schM=view&pbancSn=178819,2026-09-21 06:20
K-Startup,성남 기후테크 UpSkill 아카데미 Vol.1 - 기후테크 시장 현황과 투자트렌드,도시혁신그룹 무브먼트 주식회사,2026-08-21,https://www.k-startup.go.kr/web/contents/bizpbanc-ongoing.do?schM=view&pbancSn=178882,2026-09-21 06:20
K-Startup,2026년 재도전 아이디어 경진대회 참가자 모집 (~08.21),(재)대전창조경제혁신센터,2026-08-21,https://www.k-startup.go.kr/web/contents/bizpbanc-ongoing.do?schM=view&pbancSn=178738,2026-09-21 06:20
K-Startup,"강남구 개포동지역 ㈜오피스허브 1인 창조기업 지원센터 입주기업 모집(1인실,2인실)",㈜오피스허브 1인 창조기업 지원센터,2026-08-21,https://www.k-startup.go.kr/web/contents/bizpbanc-ongoing.do?schM=view&pbancSn=178877,2026-09-21 06:20
K-Startup,2026년 대전 스타트업 원스톱 지원센터 아카데미 1차,대전창조경제혁신센터,2026-08-21,https://www.k-startup.go.kr/web/contents/bizpbanc-ongoing.do?schM=view&pbancSn=178838,2026-09-21 06:20
K-Startup,2026년 남동발전 창업·Start-UP 서포터스 지원사업 참가기업 모집공고,(재)경남창조경제혁신센터,2026-08-21,https://www.k-startup.go.kr/web/contents/bizpbanc-ongoing.do?schM=view&pbancSn=178836,2026-09-21 06:20
K-Startup,2026년 28청춘창업소 액셀러레이팅 프로그램 전문가 멘토링 2차,고양산업진흥원,2026-08-21,https://www.k-startup.go.kr/web/contents/bizpbanc-ongoing.do?schM=view&pbancSn=178815,2026-09-21 06:20
K-Startup,국민대학교 청년도약 인재양성 부트캠프 참가자 모집,국민대학교 글로벌창업벤처대학원,2026-08-21,https://www.k-startup.go.kr/web/contents/bizpbanc-ongoing.do?schM=view&pbancSn=178493,2026-09-21 06:20
K-Startup,"[2026년 지역창업페스티벌 연계] 2026 스타트업 코리아 투자위크(SIW) 투자사, 유관기관, 스타트업 모집",대전창조경제혁신센터,2026-08-21,https://www.k-startup.go.kr/web/contents/bizpbanc-ongoing.do?schM=view&pbancSn=178826,2026-09-21 06:20
K-Startup,디지털콘텐츠기업 성장지원센터 입주기업 모집 공고(2026-1차),(사)차세대융합기술산업협회,2026-08-21,https://www.k-startup.go.kr/web/contents/bizpbanc-ongoing.do?schM=view&pbancSn=178615,2026-09-21 06:20
K-Startup,2026 빅웨이브 글로벌(일본5차) - ILS2026 참여기업 모집,인천창조경제혁신센터 대표이사,2026-08-21,https://www.k-startup.go.kr/web/contents/bizpbanc-ongoing.do?schM=view&pbancSn=178794,2026-09-21 06:20
K-Startup,2026년 제4회 창업기업성장지원센터(이노플러스 스테이지) 신규 입주기업 모집공고,(재)광주테크노파크원장,2026-08-21,https://www.k-startup.go.kr/web/contents/bizpbanc-ongoing.do?schM=view&pbancSn=178610,2026-09-21 06:20
K-Startup,중견기업 스타트업 동행라운지(참여 스타트업 모집),한국산업지능화협회,2026-08-21,https://www.k-startup.go.kr/web/contents/bizpbanc-ongoing.do?schM=view&pbancSn=178784,2026-09-21 06:20
K-Startup,[창원산업진흥원] CES2027 참가기업 지원사업 참가기업 모집 공고,(재)창원산업진흥원장,2026-08-21,https://www.k-startup.go.kr/web/contents/bizpbanc-ongoing.do?schM=view&pbancSn=178679,2026-09-21 06:20
교육부_공지사항,"2025, 2026년 마이스터고 현황 공개",교육부,2026-08-21,https://www.moe.go.kr/boardCnts/view.do?boardID=316&boardSeq=106982,2026-09-21 06:20
K-Startup,2026 G-Mix 세대융합창업 프로그램 2기,AIPLUS 문화예술기술융합 앵커사업단,2026-08-21,https://www.k-startup.go.kr/web/contents/bizpbanc-ongoing.do?schM=view&pbancSn=178776,2026-09-21 06:20
K-Startup,2026년 하반기 DDP B the B(비더비) 뷰티테크·뷰티 디바이스 전시·체험 및 테스트베드 지원기업 모집,재단법인 서울경제진흥원,2026-08-21,https://www.k-startup.go.kr/web/contents/bizpbanc-ongoing.do?schM=view&pbancSn=178775,2026-09-21 06:20
교육부_공지사항,2025년 마이스터고 산학 협력 현황 공개,교육부,2026-08-21,https://www.moe.go.kr/boardCnts/view.do?boardID=316&boardSeq=106983,2026-09-21 06:20
K-Startup,[숭실대학교 캠퍼스타운] 2026 숭실 스타트업 아카데미 8월 참여자 모집,숭실대학교 캠퍼스타운사업단,2026-08-21,https://www.k-startup.go.kr/web/contents/bizpbanc-ongoing.do?schM=view&pbancSn=178666,2026-09-21 06:20
K-Startup,[인천] 2026년 IP창업존 50기 교육생 모집 공고,인천지식재산센터,2026-08-21,https://www.k-startup.go.kr/web/contents/bizpbanc-ongoing.do?schM=view&pbancSn=178767,2026-09-21 06:20
K-Startup,제10회 소셜벤처 혁신경연대회 참여기업 모집 (~8/21 16:00),(주)엠와이소셜컴퍼니,2026-08-21,https://www.k-startup.go.kr/web/contents/bizpbanc-ongoing.do?schM=view&pbancSn=178811,2026-09-21 06:20
K-Startup,2026년 창업 준비 아카데미 [원석 발굴 창업캠프 2차] 참가자 모집,광운대학교 NCI창업패키지사업단,2026-08-21,https://www.k-startup.go.kr/web/contents/bizpbanc-ongoing.do?schM=view&pbancSn=178852,2026-09-21 06:20
K-Startup,2026년 전주 로컬브랜딩 아이디어 해커톤 참가팀 모집,전주시지역소통협력센터,2026-08-21,https://www.k-startup.go.kr/web/contents/bizpbanc-ongoing.do?schM=view&pbancSn=178675,2026-09-21 06:20
K-Startup,FIX 이노베이션 어워즈 프로그램 참여기업 모집 공고,(주)엑스코 FIX 사무국,2026-08-22,https://www.k-startup.go.kr/web/contents/bizpbanc-ongoing.do?schM=view&pbancSn=178651,2026-09-21 06:20
K-Startup,'스타트업 SEO 마케팅 전략' 비대면 교육 모집,서울핀테크랩,2026-08-23,https://www.k-startup.go.kr/web/contents/bizpbanc-ongoing.do?schM=view&pbancSn=178704,2026-09-21 06:20
K-Startup,"KAC 한국공항공사 창업 인큐베이팅 프로그램 참여자를 모집합니다.  - ""CRAFT YOUR RUNWAY!""",한국공항공사,2026-08-23,https://www.k-startup.go.kr/web/contents/bizpbanc-ongoing.do?schM=view&pbancSn=178830,2026-09-21 06:20
K-Startup,예비 중장년 기업의 사업계획 기반의 생성형AI활용 및 바이브 코딩(초급)역량강화 교육(2차),성북구 중장년 기술창업센터,2026-08-23,https://www.k-startup.go.kr/web/contents/bizpbanc-ongoing.do?schM=view&pbancSn=178864,2026-09-21 06:20
K-Startup,[글로벌] 2026 Bio-Health Global Bridge: AHN 프로그램 참가기업 모집,서울창조경제혁신센터,2026-08-23,https://www.k-startup.go.kr/web/contents/bizpbanc-ongoing.do?schM=view&pbancSn=178614,2026-09-21 06:20
교육부_공지사항,2025년 전국학교스포츠클럽대회 개최 계획,교육부,2026-08-23,https://www.moe.go.kr/boardCnts/view.do?boardID=316&boardSeq=106986,2026-09-21 06:20
K-Startup,서대문구-서울시립대학교 창업지원센터 입주기업 모집,서울시립대학교 창업보육센터장,2026-08-23,https://www.k-startup.go.kr/web/contents/bizpbanc-ongoing.do?schM=view&pbancSn=178697,2026-09-21 06:20
K-Startup,예비창업패키지 & 모두의 창업 완벽 대비! 「1:1 맞춤형 창업 멘토링」 참가자 모집,강남구여성능력개발센터,2026-08-23,https://www.k-startup.go.kr/web/contents/bizpbanc-ongoing.do?schM=view&pbancSn=178603,2026-09-21 06:20
K-Startup,2026 아트코리아랩 AI+기술융합 오픈이노베이션(2차) 참여기업 모집,예술경영지원센터,2026-08-24,https://www.k-startup.go.kr/web/contents/bizpbanc-ongoing.do?schM=view&pbancSn=178881,2026-09-21 06:20
K-Startup,구로구 청년창업지원센터_전문 창업교육생 모집 (하반기),구로구 청년창업지원센터,2026-08-24,https://www.k-startup.go.kr/web/contents/bizpbanc-ongoing.do?schM=view&pbancSn=178389,2026-09-21 06:20
교육부_공지사항,2026년 기숙형 고등학교 현황,교육부,2026-08-24,https://www.moe.go.kr/boardCnts/view.do?boardID=316&boardSeq=106990,2026-09-21 06:20
교육부_공지사항,"2026. 외국어, 국제 계열의 고등학교 및 국제중(특성화중) 현황",교육부,2026-08-24,https://www.moe.go.kr/boardCnts/view.do?boardID=316&boardSeq=106989,2026-09-21 06:20
K-Startup,2026년 경기도「반려동물 창업공모전」참가자 모집,재)경기도경제과학진흥원,2026-08-24,https://www.k-startup.go.kr/web/contents/bizpbanc-ongoing.do?schM=view&pbancSn=178464,2026-09-21 06:20
K-Startup,2026 Startup for All Global(Silicon Valley) Program Public Announcement for Program Service Provider,KISED Silicon Valley Office,2026-08-24,https://www.k-startup.go.kr/web/contents/bizpbanc-ongoing.do?schM=view&pbancSn=178848,2026-09-21 06:20
교육부_공지사항,"교과용도서 국ㆍ검ㆍ인정 구분 안내(교육부 고시 제2026-6호, 2026.3.16. 일부개정)",교육부,2026-08-24,https://www.moe.go.kr/boardCnts/view.do?boardID=316&boardSeq=107000,2026-09-21 06:20
K-Startup,[교육] 지역창업특화지원(여성특화 1인 창조기업 지원센터) &apos;난 혼자 사업한다(1차)&apos; 교육 참가자 모집,(사)한국여성벤처협회,2026-08-24,https://www.k-startup.go.kr/web/contents/bizpbanc-ongoing.do?schM=view&pbancSn=178505,2026-09-21 06:20
K-Startup,『2026 오픈웨이브 with 한진』참여기업 모집,재단법인 인천창조경제혁신센터,2026-08-24,https://www.k-startup.go.kr/web/contents/bizpbanc-ongoing.do?schM=view&pbancSn=178796,2026-09-21 06:20
K-Startup,2026년 모두의 창업 글로벌 프로그램 주관기관 모집,중소벤처기업부,2026-08-24,https://www.k-startup.go.kr/web/contents/bizpbanc-ongoing.do?schM=view&pbancSn=178779,2026-09-21 06:20
K-Startup,2026년 구미시 스타트업 필드 3차 입주기업 모집 공고,구미전자정보기술원,2026-08-24,https://www.k-startup.go.kr/web/contents/bizpbanc-ongoing.do?schM=view&pbancSn=178772,2026-09-21 06:20
K-Startup,2026년 세종 스타트업 원스톱 지원센터 아카데미 2차,(주) 렛츠,2026-08-24,https://www.k-startup.go.kr/web/contents/bizpbanc-ongoing.do?schM=view&pbancSn=178726,2026-09-21 06:20
K-Startup,2026년 강북창업지원센터 8월 창업교육 프로그램 참가자 모집,강북청년창업마루,2026-08-24,https://www.k-startup.go.kr/web/contents/bizpbanc-ongoing.do?schM=view&pbancSn=178904,2026-09-21 06:20
K-Startup,2026 한국관광공사 관광기업지원센터 관광기업 역량강화 3차 교육,한국관광공사 관광기업지원센터(서울),2026-08-24,https://www.k-startup.go.kr/web/contents/bizpbanc-ongoing.do?schM=view&pbancSn=178763,2026-09-21 06:20
K-Startup,2026 강원권 LIPS 민간운영사 연합 INVESTOR DAY 8월 참여기업 모집,(재)강원창조경제혁신센터,2026-08-24,https://www.k-startup.go.kr/web/contents/bizpbanc-ongoing.do?schM=view&pbancSn=178762,2026-09-21 06:20
K-Startup,[서울과학기술대학교]SLA 3D프린터 장비교육,서울과학기술대학교,2026-08-24,https://www.k-startup.go.kr/web/contents/bizpbanc-ongoing.do?schM=view&pbancSn=178754,2026-09-21 06:20
K-Startup,"[무료 웨비나] 해외 VC가 바라보는 시장, 창업가 그리고 글로벌 성장",TBC,2026-08-25,https://www.k-startup.go.kr/web/contents/bizpbanc-ongoing.do?schM=view&pbancSn=178929,2026-09-21 06:20
K-Startup,제3회 「S.Challenge IR」 AXˑDX 분야 창업기업 모집 공고,"서울지방중소벤처기업청, 서울창조경제혁신센터",2026-08-25,https://www.k-startup.go.kr/web/contents/bizpbanc-ongoing.do?schM=view&pbancSn=178861,2026-09-21 06:20
교육부_공지사항,공간재구조화 실행계획,교육부,2026-08-25,https://www.moe.go.kr/boardCnts/view.do?boardID=316&boardSeq=107032,2026-09-21 06:20
교육부_공지사항,2026년도 학교안전공제회 공제료 산정기준,교육부,2026-08-25,https://www.moe.go.kr/boardCnts/view.do?boardID=316&boardSeq=107020,2026-09-21 06:20
K-Startup,2026년 위치정보 보호조치 교육,(주)아이전스,2026-08-25,https://www.k-startup.go.kr/web/contents/bizpbanc-ongoing.do?schM=view&pbancSn=178901,2026-09-21 06:20
K-Startup,2026년 민간 산림복지 창업·성장 패키지 FOR:SEED [예비창업패키지] 2차 모집,한국산림복지진흥원,2026-08-25,https://www.k-startup.go.kr/web/contents/bizpbanc-ongoing.do?schM=view&pbancSn=178806,2026-09-21 06:20
K-Startup,[모집] 2026년 청년 산림창업가 시너지캠프 참가자 모집,한국임업진흥원,2026-08-25,https://www.k-startup.go.kr/web/contents/bizpbanc-ongoing.do?schM=view&pbancSn=178853,2026-09-21 06:20
K-Startup,Request for Proposals (RFP) for the 2026 Startup for All Global (New York) Program,KISED,2026-08-25,https://www.k-startup.go.kr/web/contents/bizpbanc-ongoing.do?schM=view&pbancSn=178847,2026-09-21 06:20
K-Startup,[비전웍스벤처스] GTM 오디세이 차이나 오픈특강 참가자 모집 (~08/25),비전웍스벤처스,2026-08-25,https://www.k-startup.go.kr/web/contents/bizpbanc-ongoing.do?schM=view&pbancSn=178958,2026-09-21 06:20
K-Startup,[숭실대학교 캠퍼스타운] 2026 석·박사급 실험실 창업스쿨(유형1) 참여자 모집,숭실대학교 캠퍼스타운사업단,2026-08-25,https://www.k-startup.go.kr/web/contents/bizpbanc-ongoing.do?schM=view&pbancSn=178673,2026-09-21 06:20
K-Startup,2026년 2기 서울 AI 허브 멤버십 기업 모집 안내,서울 AI 허브,2026-08-25,https://www.k-startup.go.kr/web/contents/bizpbanc-ongoing.do?schM=view&pbancSn=178879,2026-09-21 06:20
K-Startup,크라우드펀딩 플랫폼 등록 희망 여성창업자를 위한 2026 여성창업자 사업화지원금 경진대회,고양여성인력개발센터,2026-08-25,https://www.k-startup.go.kr/web/contents/bizpbanc-ongoing.do?schM=view&pbancSn=178926,2026-09-21 06:20
K-Startup,(광주센터) 2026년 제7회 제대군인 창업 워크숍 개최 안내,국가보훈부,2026-08-25,https://www.k-startup.go.kr/web/contents/bizpbanc-ongoing.do?schM=view&pbancSn=178555,2026-09-21 06:20
K-Startup,(~8/25) 2026 SIW 서구 스타트업 스케일업 위크 참가자 모집,대전광역시 서구청,2026-08-25,https://www.k-startup.go.kr/web/contents/bizpbanc-ongoing.do?schM=view&pbancSn=178950,2026-09-21 06:20
K-Startup,2026년 대전 스타트업스쿨 스타트업 리딩클래스 (3회차 ㅣ ESG와 기후테크를 활용한 스타트업 투자유치 전략),대전창조경제혁신센터,2026-08-25,https://www.k-startup.go.kr/web/contents/bizpbanc-ongoing.do?schM=view&pbancSn=178820,2026-09-21 06:20
K-Startup,경기창업혁신공간 서부권 「스담스담」(오픈 네트워킹)  2회차,경기도경제과학진흥원,2026-08-25,https://www.k-startup.go.kr/web/contents/bizpbanc-ongoing.do?schM=view&pbancSn=178940,2026-09-21 06:20
K-Startup,2026 U-Global Connect x Fincantieri 참여기업 모집,(재)울산창조경제혁신센터,2026-08-26,https://www.k-startup.go.kr/web/contents/bizpbanc-ongoing.do?schM=view&pbancSn=178923,2026-09-21 06:20
K-Startup,[제64차] 2026년 대구스타트업 리더스포럼 IR피칭 참여기업 모집,(재)대구창조경제혁신센터 대표이사,2026-08-26,https://www.k-startup.go.kr/web/contents/bizpbanc-ongoing.do?schM=view&pbancSn=178283,2026-09-21 06:20
K-Startup,2026년 경기 스타트업 아카데미 이오스튜디오(EO) 김태용 대표의 글로벌 마케팅 특강,경기도경제과학진흥원,2026-08-26,https://www.k-startup.go.kr/web/contents/bizpbanc-ongoing.do?schM=view&pbancSn=178903,2026-09-21 06:20
K-Startup,"[동대문구 창업지원센터] 8월 메이커스페이스(레이저커터, 3D프린팅) 교육 일정",동대문구 창업지원센터,2026-08-26,https://www.k-startup.go.kr/web/contents/bizpbanc-ongoing.do?schM=view&pbancSn=178774,2026-09-21 06:20
K-Startup,「제24차 세계한상대회 스타트업 경연대회-시애틀 진출 연계」 참여기업 모집 공고(AI 분야),재외동포청,2026-08-26,https://www.k-startup.go.kr/web/contents/bizpbanc-ongoing.do?schM=view&pbancSn=178954,2026-09-21 06:20
K-Startup,도봉구 중소기업창업보육센터 신규 입주기업 모집 공고,도봉구청,2026-08-26,https://www.k-startup.go.kr/web/contents/bizpbanc-ongoing.do?schM=view&pbancSn=178898,2026-09-21 06:20
K-Startup,2026 창업경진대회(IMPACT ON 강북 : 아이디어와 투자로 만드는 강북의 창업 무대) 참가자 모집,강북청년창업마루,2026-08-26,https://www.k-startup.go.kr/web/contents/bizpbanc-ongoing.do?schM=view&pbancSn=178884,2026-09-21 06:20
K-Startup,[서초창업스테이션] 8월 전문 분야 컨설팅 - 스타트업 정책자금 및 자금조달 전략 & 투자유치를 위한 IR·사업계획 고도화,서초창업스테이션,2026-08-26,https://www.k-startup.go.kr/web/contents/bizpbanc-ongoing.do?schM=view&pbancSn=178825,2026-09-21 06:20
K-Startup,2026년 경기 스타트업 아카데미 「창업기초 및 투자유치 과정(하반기)」 교육생 모집 공고,경기도경제과학진흥원,2026-08-26,https://www.k-startup.go.kr/web/contents/bizpbanc-ongoing.do?schM=view&pbancSn=178886,2026-09-21 06:20
K-Startup,2026년 웰컴 투 팁스 2차 참가기업 모집 (대경권),(주)로우파트너스,2026-08-26,https://www.k-startup.go.kr/web/contents/bizpbanc-ongoing.do?schM=view&pbancSn=178893,2026-09-21 06:20
K-Startup,Startup OI Tokyo #Physical AI,재단법인 은행권청년창업재단,2026-08-26,https://www.k-startup.go.kr/web/contents/bizpbanc-ongoing.do?schM=view&pbancSn=178899,2026-09-21 06:20
K-Startup,[창업] 경험을 디자인하는 기획자 양성 과정,마포청년창업취업지원센터 나루,2026-08-26,https://www.k-startup.go.kr/web/contents/bizpbanc-ongoing.do?schM=view&pbancSn=178928,2026-09-21 06:20
K-Startup,모두의 창업 설명회와 함께하는 &apos;200% 경쟁력 있는 사업계획서 작성법&apos; - DDM 제8차 벤처스타트업 아카데미,DDM청년창업센터 유니콘,2026-08-26,https://www.k-startup.go.kr/web/contents/bizpbanc-ongoing.do?schM=view&pbancSn=178905,2026-09-21 06:20
K-Startup,2026년 서울시 기후테크 온라인 기획전 실무교육,서울기후테크산업지원센터장,2026-08-26,https://www.k-startup.go.kr/web/contents/bizpbanc-ongoing.do?schM=view&pbancSn=178933,2026-09-21 06:20
K-Startup,2026 대한민국 발명특허대전 출품 신청(~8.26),한국발명진흥회,2026-08-26,https://www.k-startup.go.kr/web/contents/bizpbanc-ongoing.do?schM=view&pbancSn=178921,2026-09-21 06:20
K-Startup,2026년 서울시 소셜벤처 임팩트 측정 사업설명회(2차) 참가신청 모집(~8.26.),서울소셜벤처허브,2026-08-26,https://www.k-startup.go.kr/web/contents/bizpbanc-ongoing.do?schM=view&pbancSn=178702,2026-09-21 06:20
K-Startup,2026 신용보증기금 「혁신아이콘」제16기 모집 공고,신용보증기금,2026-08-26,https://www.k-startup.go.kr/web/contents/bizpbanc-ongoing.do?schM=view&pbancSn=178687,2026-09-21 06:20
K-Startup,"2026년 재창업 활성화 유공포상 공고(재창업기업, 재창업 지원 부문)",중소벤처기업부 장관,2026-08-26,https://www.k-startup.go.kr/web/contents/bizpbanc-ongoing.do?schM=view&pbancSn=178506,2026-09-21 06:20
K-Startup,서울디자인런 2026 - 사고 싶은 작은 것들: 창작의 가치를 상품으로 바꾸는 안목,(주)오픈,2026-08-26,https://www.k-startup.go.kr/web/contents/bizpbanc-ongoing.do?schM=view&pbancSn=178978,2026-09-21 06:20
K-Startup,「민관협력 오픈이노베이션 지원」2026년 &apos;성과기업 후속 지원&apos; 창업기업 모집 수정공고,중소벤처기업부장관,2026-08-26,https://www.k-startup.go.kr/web/contents/bizpbanc-ongoing.do?schM=view&pbancSn=178821,2026-09-21 06:20
K-Startup,2026년 「차세대 반도체 패키징 산업전 시스템반도체 OSAT 전문교육(세미나)」 개최,한국나노기술원,2026-08-27,https://www.k-startup.go.kr/web/contents/bizpbanc-ongoing.do?schM=view&pbancSn=178736,2026-09-21 06:20
K-Startup,모두의 창업 프로젝트 2기 AI 솔루션 공급기업 모집공고,창업진흥원장,2026-08-27,https://www.k-startup.go.kr/web/contents/bizpbanc-ongoing.do?schM=view&pbancSn=178856,2026-09-21 06:20
K-Startup,웹서밋(Web Summit 2026) 참여기업 모집,서울경제진흥원,2026-08-27,https://www.k-startup.go.kr/web/contents/bizpbanc-ongoing.do?schM=view&pbancSn=178916,2026-09-21 06:20
K-Startup,로컬 브랜드 창업자 육성과정 교육 및 플리마켓 참가자 모집,주식회사 초블레스,2026-08-27,https://www.k-startup.go.kr/web/contents/bizpbanc-ongoing.do?schM=view&pbancSn=178925,2026-09-21 06:20
K-Startup,창업 초보를 위한 창업 A-Z 교육,하우그로우 원격평생교육원,2026-08-27,https://www.k-startup.go.kr/web/contents/bizpbanc-ongoing.do?schM=view&pbancSn=178710,2026-09-21 06:20
K-Startup,2026년  강동 K-ISS멘토링센터 3차 교육 및 튜토링 과정 '﻿AI 디지털 마케팅 이해와 스킬업',주식회사 이노시아,2026-08-27,https://www.k-startup.go.kr/web/contents/bizpbanc-ongoing.do?schM=view&pbancSn=178851,2026-09-21 06:20
K-Startup,2026년 제4차 국립공주대학교 창업보육센터 입주기업 모집 공고,국립공주대학교 산학협력단,2026-08-27,https://www.k-startup.go.kr/web/contents/bizpbanc-ongoing.do?schM=view&pbancSn=178897,2026-09-21 06:20
K-Startup,(인도) 2026_GLOBAL BUSINESS ROAD TO 인도 시장진출지원 프로그램 참여기업 모집(~8/27),벤처기업협회,2026-08-27,https://www.k-startup.go.kr/web/contents/bizpbanc-ongoing.do?schM=view&pbancSn=178906,2026-09-21 06:20
K-Startup,2026년 기술기반 창업 스케일업 지원 액셀러레이팅 프로그램 모집 공고,(주)티비즈,2026-08-27,https://www.k-startup.go.kr/web/contents/bizpbanc-ongoing.do?schM=view&pbancSn=179006,2026-09-21 06:20
K-Startup,인뎁스 네트워킹(In-depth Networking) 2회차 모집 공고,경기창조경제혁신센터,2026-08-27,https://www.k-startup.go.kr/web/contents/bizpbanc-ongoing.do?schM=view&pbancSn=178827,2026-09-21 06:20
K-Startup,2026년 블록체인 기업성장허브 입주기업 모집,한국인터넷진흥원,2026-08-27,https://www.k-startup.go.kr/web/contents/bizpbanc-ongoing.do?schM=view&pbancSn=178780,2026-09-21 06:20
K-Startup,2026년 대전 스타트업 원스톱 지원센터 아카데미 2회차,대전창조경제혁신센터,2026-08-28,https://www.k-startup.go.kr/web/contents/bizpbanc-ongoing.do?schM=view&pbancSn=178860,2026-09-21 06:20
K-Startup,일본 오사카(간사이) 지역 진출 지원사업 Plug in: Osaka #12 참가 스타트업 모집(~8/28 17:59까지),(재)부산창조경제혁신센터,2026-08-28,https://www.k-startup.go.kr/web/contents/bizpbanc-ongoing.do?schM=view&pbancSn=178920,2026-09-21 06:20
K-Startup,2026년 투자유치를 위한 역량강화지원 참여기업 모집공고,달구벌여성인력개발센터,2026-08-28,https://www.k-startup.go.kr/web/contents/bizpbanc-ongoing.do?schM=view&pbancSn=178526,2026-09-21 06:20
교육부_사업공고,어린이집 평가 결과 효력중단 및 재평가(사전통지) 공시송달,교육부,2026-08-28,https://www.moe.go.kr/boardCnts/view.do?boardID=72761&boardSeq=72761,2026-09-21 06:20
K-Startup,2026 경제계 주도 대국민 창업·육성 프로젝트 「더하기 창업」 참가팀 모집,머스트액셀러레이터,2026-08-28,https://www.k-startup.go.kr/web/contents/bizpbanc-ongoing.do?schM=view&pbancSn=178788,2026-09-21 06:20
K-Startup,『2026년 서울바이오허브- (일본 제약기업) 마루호 오픈이노베이션 프로그램』참여기업 모집,서울바이오허브,2026-08-28,https://www.k-startup.go.kr/web/contents/bizpbanc-ongoing.do?schM=view&pbancSn=178849,2026-09-21 06:20
K-Startup,초도물량 양산 패키지 수혜기업 모집(~8/28),경북대학교 스타트업지원센터장,2026-08-28,https://www.k-startup.go.kr/web/contents/bizpbanc-ongoing.do?schM=view&pbancSn=178919,2026-09-21 06:20
K-Startup,제품 런칭 패키지 수혜기업 모집(~8/28),경북대학교 스타트업지원센터장,2026-08-28,https://www.k-startup.go.kr/web/contents/bizpbanc-ongoing.do?schM=view&pbancSn=178918,2026-09-21 06:20
K-Startup,2026년 벤처나라제품 발굴 및 추천 지원 공고,국가물산업클러스터,2026-08-28,https://www.k-startup.go.kr/web/contents/bizpbanc-ongoing.do?schM=view&pbancSn=178284,2026-09-21 06:20
K-Startup,2026년 이천시 청년창업지원센터 입주기업 모집,청강문화산업대학교 산학협력단,2026-08-28,https://www.k-startup.go.kr/web/contents/bizpbanc-ongoing.do?schM=view&pbancSn=178768,2026-09-21 06:20
K-Startup,2026 하반기 MARU 배치 스타트업 모집,재단법인 아산나눔재단,2026-08-28,https://www.k-startup.go.kr/web/contents/bizpbanc-ongoing.do?schM=view&pbancSn=178676,2026-09-21 06:20
K-Startup,2026년 한국지역난방공사 창업·벤처기업 지원사업 참여기업 모집,한국청년기업가정신재단,2026-08-28,https://www.k-startup.go.kr/web/contents/bizpbanc-ongoing.do?schM=view&pbancSn=179004,2026-09-21 06:20
K-Startup,2026년 2차 28청춘창업소 신규 입주기업 모집,고양산업진흥원,2026-08-28,https://www.k-startup.go.kr/web/contents/bizpbanc-ongoing.do?schM=view&pbancSn=178686,2026-09-21 06:20
K-Startup,2026년 2nd S.Stage 개최 안내,서울창조경제혁신센터,2026-08-30,https://www.k-startup.go.kr/web/contents/bizpbanc-ongoing.do?schM=view&pbancSn=178721,2026-09-21 06:20
K-Startup,"2026 창업오디션, 고양IR데이 참가기업 추가모집",고양시장,2026-08-30,https://www.k-startup.go.kr/web/contents/bizpbanc-ongoing.do?schM=view&pbancSn=178810,2026-09-21 06:20
K-Startup,2026년 판로확대 지원 참여 소상공인 모집(셀러허브),중소상공인희망재단,2026-08-30,https://www.k-startup.go.kr/web/contents/bizpbanc-ongoing.do?schM=view&pbancSn=178871,2026-09-21 06:20
K-Startup,[제2서울핀테크랩] 서울 핀테크 위크 2026 제2서울핀테크랩 데모데이 with 네이버클라우드 참가기업 모집,제2서울핀테크랩,2026-08-30,https://www.k-startup.go.kr/web/contents/bizpbanc-ongoing.do?schM=view&pbancSn=178858,2026-09-21 06:20
K-Startup,[강원창조경제혁신센터] 2026년 창업BuS 강원브릿지 화요IR 참여기업 모집(7~8월),(재)강원창조경제혁신센터,2026-08-31,https://www.k-startup.go.kr/web/contents/bizpbanc-ongoing.do?schM=view&pbancSn=178519,2026-09-21 06:20
K-Startup,(소방청 공고 제2026-92호) 2026년 소방장비·용품 공공조달 컨설팅 지원사업 참여업체 모집 공고,(주)선영파트너스,2026-08-31,https://www.k-startup.go.kr/web/contents/bizpbanc-ongoing.do?schM=view&pbancSn=178295,2026-09-21 06:20
K-Startup,2026년 청주미래누리터(공공지식산업센터) 입주기업 모집공고,(사)한국산업진흥협회,2026-08-31,https://www.k-startup.go.kr/web/contents/bizpbanc-ongoing.do?schM=view&pbancSn=178400,2026-09-21 06:20
K-Startup,[강동구 청년해냄센터] 취약분야 상시 컨설팅 8월 참가자 모집 공고,강동구 청년해냄센터,2026-08-31,https://www.k-startup.go.kr/web/contents/bizpbanc-ongoing.do?schM=view&pbancSn=178543,2026-09-21 06:20
K-Startup,충북대학교 『글로벌(G)테크벤처센터(BI) 』 입주기업 모집,충북대학교 글로벌(G)테크벤처센터,2026-08-31,https://www.k-startup.go.kr/web/contents/bizpbanc-ongoing.do?schM=view&pbancSn=178781,2026-09-21 06:20
K-Startup,2026년 WEROUND 공유형 공간 신규 입주기업 상시 모집,서강대학교 판교캠퍼스사업단,2026-08-31,https://www.k-startup.go.kr/web/contents/bizpbanc-ongoing.do?schM=view&pbancSn=178636,2026-09-21 06:20
교육부_공지사항,귀국학생 등의 학적서류 처리절차 간소화대상 학교목록(2026.8.31.기준),교육부,2026-08-31,https://www.moe.go.kr/boardCnts/view.do?boardID=316&boardSeq=107086,2026-09-21 06:20
K-Startup,소공인 아카데미 4차 교육(소공인을 위한 특허 활용 전략),(재)화성산업진흥원,2026-08-31,https://www.k-startup.go.kr/web/contents/bizpbanc-ongoing.do?schM=view&pbancSn=178995,2026-09-21 06:20
K-Startup,제3회 K-ROBOTICS Startup CUP 참가팀 모집(~8/31 마감),KAIST,2026-08-31,https://www.k-startup.go.kr/web/contents/bizpbanc-ongoing.do?schM=view&pbancSn=178841,2026-09-21 06:20
K-Startup,2026 충남 대학생 창업경진대회 참여기업 모집,씨엔티테크(주),2026-08-31,https://www.k-startup.go.kr/web/contents/bizpbanc-ongoing.do?schM=view&pbancSn=178988,2026-09-21 06:20
K-Startup,모두의 창업 멘토가 알려주는 사업계획서 작성 방법 특강,경기도경제과학진흥원,2026-08-31,https://www.k-startup.go.kr/web/contents/bizpbanc-ongoing.do?schM=view&pbancSn=178974,2026-09-21 06:20
K-Startup,2026년  8월 KICXUP 서울 입주기업 모집공고,"한국산업단지공단,씨엔티테크",2026-08-31,https://www.k-startup.go.kr/web/contents/bizpbanc-ongoing.do?schM=view&pbancSn=178867,2026-09-21 06:20
K-Startup,2026년 특허출원·등록 비용 바우처 지원사업 11차(하반기 4차),(사)한국중소기업발전협회,2026-08-31,https://www.k-startup.go.kr/web/contents/bizpbanc-ongoing.do?schM=view&pbancSn=178870,2026-09-21 06:20
교육부_사업공고,2026년도 공공기관 고객만족도 조사 주관사업자 선정 재공고,교육부,2026-08-31,https://www.moe.go.kr/boardCnts/view.do?boardID=72761&boardSeq=72761,2026-09-21 06:20
K-Startup,「민관협력 오픈이노베이션 지원」&apos;공공데이터 활용 지원&apos; 공공기관 제안 협업 과제(Top-Down) 모집공고,중소벤처기업부장관,2026-08-31,https://www.k-startup.go.kr/web/contents/bizpbanc-ongoing.do?schM=view&pbancSn=178873,2026-09-21 06:20
K-Startup,2026 K-라이프스타일 페스타 with 메가쇼 참가기업(소상공인) 모집,(재)중소상공인희망재단,2026-08-31,https://www.k-startup.go.kr/web/contents/bizpbanc-ongoing.do?schM=view&pbancSn=178971,2026-09-21 06:20
K-Startup,2026 대전 팁스타운 팁스 링크 일본 파트너 초청 상담회,창업진흥원,2026-08-31,https://www.k-startup.go.kr/web/contents/bizpbanc-ongoing.do?schM=view&pbancSn=178892,2026-09-21 06:20
K-Startup,2026년 여성CEO 비즈니스 아카데미 호남권역 시즌 2,한국여성경제인협회,2026-08-31,https://www.k-startup.go.kr/web/contents/bizpbanc-ongoing.do?schM=view&pbancSn=178894,2026-09-21 06:20
K-Startup,26년 8월 스타트업 언론 홍보 지원사업 참가사 모집 공고(2차),스타트업 데일리,2026-08-31,https://www.k-startup.go.kr/web/contents/bizpbanc-ongoing.do?schM=view&pbancSn=178912,2026-09-21 06:20
K-Startup,2026년 한국광해광업공단  상생형 창업‧벤처기업 지원사업 참여기업 모집,한국광해광업공단,2026-08-31,https://www.k-startup.go.kr/web/contents/bizpbanc-ongoing.do?schM=view&pbancSn=178946,2026-09-21 06:20
K-Startup,해외바이어 초청 '글로벌 비즈니스 상담회 2026'  참가기업 모집,서울경제진흥원,2026-08-31,https://www.k-startup.go.kr/web/contents/bizpbanc-ongoing.do?schM=view&pbancSn=178943,2026-09-21 06:20
K-Startup,2026년 서초AICT 고성능 컴퓨팅 인프라 지원사업 모집 공고,서초AICT 운영센터,2026-08-31,https://www.k-startup.go.kr/web/contents/bizpbanc-ongoing.do?schM=view&pbancSn=178939,2026-09-21 06:20
K-Startup,「민관협력 오픈이노베이션 지원」 &apos;공공데이터 활용 지원&apos; 창업기업 제안 협업 과제(Bottom-Up) 모집공고,중소벤처기업부장관,2026-08-31,https://www.k-startup.go.kr/web/contents/bizpbanc-ongoing.do?schM=view&pbancSn=178875,2026-09-21 06:20
K-Startup,2026 Nexus Connect 오픈이노베이션 밋업 데이,(재)충남창조경제혁신센터,2026-08-31,https://www.k-startup.go.kr/web/contents/bizpbanc-ongoing.do?schM=view&pbancSn=178795,2026-09-21 06:20
K-Startup,이재용 회계사와 함께하는 ‘스타트업 재무 특강’ 참여자 모집 (『신한 스퀘어브릿지 대전』 X SIW BRIDGE TALK),신한금융희망재단,2026-08-31,https://www.k-startup.go.kr/web/contents/bizpbanc-ongoing.do?schM=view&pbancSn=178932,2026-09-21 06:20
K-Startup,2026년 스타 IR 데모데이 참여기업 모집공고(4차),스타에셋파트너스 주식회사,2026-08-31,https://www.k-startup.go.kr/web/contents/bizpbanc-ongoing.do?schM=view&pbancSn=178740,2026-09-21 06:20
K-Startup,2026 대덕특구 딥테크 혁신성장 플랫폼(전략기술 발굴 및 매칭) (8/1 ~ 8/31),연구개발특구진흥재단,2026-08-31,https://www.k-startup.go.kr/web/contents/bizpbanc-ongoing.do?schM=view&pbancSn=178719,2026-09-21 06:20
K-Startup,[국토교통부 x 물류산업진흥재단] 2026 물류상생 Meet-up 행사 기술기업 모집,물류산업진흥재단,2026-08-31,https://www.k-startup.go.kr/web/contents/bizpbanc-ongoing.do?schM=view&pbancSn=178731,2026-09-21 06:20
K-Startup,[KEA] 	 IoT제품 개발 지원 및 빅데이터 분석 과제기획 수요기업 모집,한국전자정보통신산업진흥회,2026-08-31,https://www.k-startup.go.kr/web/contents/bizpbanc-ongoing.do?schM=view&pbancSn=178718,2026-09-21 06:20
K-Startup,2026 벤처확인 인증준비기업 맞춤형 무료 진단 지원사업,(주)엠비즈플래닛 산하 혁신기술경영인증지원센터,2026-08-31,https://www.k-startup.go.kr/web/contents/bizpbanc-ongoing.do?schM=view&pbancSn=178745,2026-09-21 06:20
K-Startup,(기간연장)[창업점검] 2026년 체육인 직업안정사업(창업열매) 참여자 추가 모집_(~8.31마감시),국민체육진흥공단,2026-08-31,https://www.k-startup.go.kr/web/contents/bizpbanc-ongoing.do?schM=view&pbancSn=178693,2026-09-21 06:20
K-Startup,"[무료 AI 역량강화 교육] 생성형 AI기반, 글로벌 마케팅 자동화 및 현지화 에이전트 구축과",(주)글로벌창업연구소,2026-08-31,https://www.k-startup.go.kr/web/contents/bizpbanc-ongoing.do?schM=view&pbancSn=178672,2026-09-21 06:20
K-Startup,2026 협성대학교 창업보육센터 하반기 신규 입주기업 모집 공고,협성대학교 창업보육센터,2026-08-31,https://www.k-startup.go.kr/web/contents/bizpbanc-ongoing.do?schM=view&pbancSn=178771,2026-09-21 06:20
K-Startup,해외진출 기업 대상 AI 통역 서비스 「아네스노트」 이용권 지원,주식회사 팀제로코드,2026-08-31,https://www.k-startup.go.kr/web/contents/bizpbanc-ongoing.do?schM=view&pbancSn=178765,2026-09-21 06:20
K-Startup,2026 이노폴리스캠퍼스 엑셀러레이팅 프로그램 ILS(일본 OI행사)참여기업 모집,주관기관,2026-08-31,https://www.k-startup.go.kr/web/contents/bizpbanc-ongoing.do?schM=view&pbancSn=179067,2026-09-21 06:20
K-Startup,2026년 양주시 「청년창업 토크콘서트」참여자 모집,양주시청년센터,2026-09-01,https://www.k-startup.go.kr/web/contents/bizpbanc-ongoing.do?schM=view&pbancSn=179022,2026-09-21 06:20
K-Startup,[창업] 창업가를 위한 온라인 판매 실전,마포청년창업취업지원센터 나루,2026-09-01,https://www.k-startup.go.kr/web/contents/bizpbanc-ongoing.do?schM=view&pbancSn=178935,2026-09-21 06:20
K-Startup,2026 대구·경북 스타트업 페스티벌 연계 제10회 대구 스타트업 오픈이노베이션 밋업데이(Meet-up)  참여 스타트업 모집,"재단법인 대구창조경제혁신센터 대표이사,  경북대학교 창업지원단장",2026-09-01,https://www.k-startup.go.kr/web/contents/bizpbanc-ongoing.do?schM=view&pbancSn=178934,2026-09-21 06:20
K-Startup,"[2026 시흥시 청년 창업가 육성 프로그램] 준비된 성장, 투자의 모든 것",주식회사뉴키즈인베스트먼트,2026-09-01,https://www.k-startup.go.kr/web/contents/bizpbanc-ongoing.do?schM=view&pbancSn=178960,2026-09-21 06:20
K-Startup,경기「스담스담」(오픈 네트워킹)  8회차,경기도경제과학진흥원,2026-09-01,https://www.k-startup.go.kr/web/contents/bizpbanc-ongoing.do?schM=view&pbancSn=179031,2026-09-21 06:20
교육부_사업공고,2026년도 공공기관 고객만족도 조사 주관사업자 선정 재공고(정정),교육부,2026-09-01,https://www.moe.go.kr/boardCnts/view.do?boardID=72761&boardSeq=72761,2026-09-21 06:20
K-Startup,2026년 서울창업허브 창동 「창동 허브 네트워킹 데이」,서울창업허브 창동,2026-09-01,https://www.k-startup.go.kr/web/contents/bizpbanc-ongoing.do?schM=view&pbancSn=178964,2026-09-21 06:20
K-Startup,2026  경기 고양 MICE 연계 창업리그 참가자 모집 공고,(재)고양국제박람회재단,2026-09-01,https://www.k-startup.go.kr/web/contents/bizpbanc-ongoing.do?schM=view&pbancSn=178972,2026-09-21 06:20
K-Startup,공공기술 기반 오픈이노베이션 밋업(with SK에코플랜트) 참여기업 모집 공고,씨엔티테크,2026-09-01,https://www.k-startup.go.kr/web/contents/bizpbanc-ongoing.do?schM=view&pbancSn=178880,2026-09-21 06:20
K-Startup,디캠프 9월 오피스아워 #벤처투자·#사업협력 모집,재단법인 은행권청년창업재단,2026-09-02,https://www.k-startup.go.kr/web/contents/bizpbanc-ongoing.do?schM=view&pbancSn=178938,2026-09-21 06:20
K-Startup,2026년 제3차 보건신기술(NET) 인증사업 신규인증 및 기간연장 신청,한국보건산업진흥원,2026-09-02,https://www.k-startup.go.kr/web/contents/bizpbanc-ongoing.do?schM=view&pbancSn=178571,2026-09-21 06:20
K-Startup,2026 관악S밸리 성장 지원 세미나 3회,(재)관악중소벤처진흥원,2026-09-02,https://www.k-startup.go.kr/web/contents/bizpbanc-ongoing.do?schM=view&pbancSn=178961,2026-09-21 06:20
K-Startup,[차세대융합기술연구원] 2026 제조 스타트업 멘토링 Meet-up Day,차세대융합기술연구원,2026-09-02,https://www.k-startup.go.kr/web/contents/bizpbanc-ongoing.do?schM=view&pbancSn=178962,2026-09-21 06:20
K-Startup,2026년도 &apos;빅웨이브(BiiG WAVE)&apos; IR 사업 2회차 바이오 특화 IR 참여기업 모집공고,인천창조경제혁신센터,2026-09-02,https://www.k-startup.go.kr/web/contents/bizpbanc-ongoing.do?schM=view&pbancSn=178966,2026-09-21 06:20
K-Startup,[LH한국토지주택공사] 판교 제2테크노밸리 기업성장센터(F2블록) 산업시설 입주기업 추가 모집 공고,한국토지주택공사 경기남부지역본부,2026-09-02,https://www.k-startup.go.kr/web/contents/bizpbanc-ongoing.do?schM=view&pbancSn=178785,2026-09-21 06:20
K-Startup,2026 제조 스타트업 멘토링 데이,볼트앤너트,2026-09-02,https://www.k-startup.go.kr/web/contents/bizpbanc-ongoing.do?schM=view&pbancSn=178991,2026-09-21 06:20
K-Startup,「2026년 제3회 부기테크 투자쇼」상담회 참가기업 모집공고,부산기술창업투자원,2026-09-02,https://www.k-startup.go.kr/web/contents/bizpbanc-ongoing.do?schM=view&pbancSn=179025,2026-09-21 06:20
K-Startup,구로구 청년창업지원센터 일반 창업교육(하반기: 2회차): 스타트업 재무 (feat. 합법적인 절세방안),구로구 청년창업지원센터,2026-09-02,https://www.k-startup.go.kr/web/contents/bizpbanc-ongoing.do?schM=view&pbancSn=178973,2026-09-21 06:20
K-Startup,"2026 4대 과학기술원 창업리그 통합 결선,  GRAVITY (9/3 목)",(주)스파크랩,2026-09-02,https://www.k-startup.go.kr/web/contents/bizpbanc-ongoing.do?schM=view&pbancSn=179041,2026-09-21 06:20
K-Startup,『BOUNCE 2026』 &apos;스타트업 오픈이노베이션 페스타&apos; 참여 스타트업 모집,부산창조경제혁신센터,2026-09-02,https://www.k-startup.go.kr/web/contents/bizpbanc-ongoing.do?schM=view&pbancSn=178883,2026-09-21 06:20
K-Startup,"2026년 서울지식재산센터 소상공인 지식재산 인식제고 & 창업 교육 안내 (9/3, 9/11)",서울경제진흥원,2026-09-03,https://www.k-startup.go.kr/web/contents/bizpbanc-ongoing.do?schM=view&pbancSn=179034,2026-09-21 06:20
K-Startup,2026 이화여대 모두의 창업 2기 프로젝트 사업설명회,이화여자대학교  창업지원단,2026-09-03,https://www.k-startup.go.kr/web/contents/bizpbanc-ongoing.do?schM=view&pbancSn=179016,2026-09-21 06:20
K-Startup,[도봉구 청년창업센터] 2026 도봉 청년창업 아이디어 경진대회 참가자 모집,도봉구 청년창업센터장,2026-09-03,https://www.k-startup.go.kr/web/contents/bizpbanc-ongoing.do?schM=view&pbancSn=178914,2026-09-21 06:20
K-Startup,[추가모집] 2026 창업경진대회 모의투자자 모집(~9.3. 14:00),강북청년창업마루,2026-09-03,https://www.k-startup.go.kr/web/contents/bizpbanc-ongoing.do?schM=view&pbancSn=179065,2026-09-21 06:20
K-Startup,2026년 Tokyo PMF·GTM 프로그램 창업기업 모집 공고,창업진흥원장,2026-09-03,https://www.k-startup.go.kr/web/contents/bizpbanc-ongoing.do?schM=view&pbancSn=178953,2026-09-21 06:20
K-Startup,[한국투자액셀러레이터] 바른동행 3차 모집｜선발 시 최대 5억원 투자,한국투자액셀러레이터,2026-09-03,https://www.k-startup.go.kr/web/contents/bizpbanc-ongoing.do?schM=view&pbancSn=178844,2026-09-21 06:20
K-Startup,2026년 지역 혁신 Start-up Demo Day,차세대융합기술연구원,2026-09-03,https://www.k-startup.go.kr/web/contents/bizpbanc-ongoing.do?schM=view&pbancSn=178900,2026-09-21 06:20
K-Startup,2026년 창업진흥원 정책 아이디어 공모전,창업진흥원,2026-09-03,https://www.k-startup.go.kr/web/contents/bizpbanc-ongoing.do?schM=view&pbancSn=178709,2026-09-21 06:20
K-Startup,충북 제37기(26년 4기) IP창업존 특화과정((예비)창업자 및 「모두의 창업」선정자 대상) 교육생 모집 공고,충북지식재산센터장,2026-09-03,https://www.k-startup.go.kr/web/contents/bizpbanc-ongoing.do?schM=view&pbancSn=178888,2026-09-21 06:20
K-Startup,2026년 성장플러스 창업사업화 지원사업 참여기업 모집,달구벌여성인력개발센터,2026-09-03,https://www.k-startup.go.kr/web/contents/bizpbanc-ongoing.do?schM=view&pbancSn=178622,2026-09-21 06:20
K-Startup,2026년도 딥테크 특화 창업중심대학 추천형 창업기업 모집공고,중소벤처기업부,2026-09-04,https://www.k-startup.go.kr/web/contents/bizpbanc-ongoing.do?schM=view&pbancSn=178985,2026-09-21 06:20
K-Startup,[서강대학교] 모두의 창업 프로젝트 2기 기관설명회,서강대학교 창업지원단,2026-09-04,https://www.k-startup.go.kr/web/contents/bizpbanc-ongoing.do?schM=view&pbancSn=179142,2026-09-21 06:20
K-Startup,2026년 한전KPS 창업벤처기업 육성 지원사업 참여기업 모집안내,한국전기산업진흥회 에너지밸리기업개발원,2026-09-04,https://www.k-startup.go.kr/web/contents/bizpbanc-ongoing.do?schM=view&pbancSn=179062,2026-09-21 06:20
K-Startup,2026 AI 기반 소셜임팩트 기업 활성화 지원사업,㈜포켓컴퍼니,2026-09-04,https://www.k-startup.go.kr/web/contents/bizpbanc-ongoing.do?schM=view&pbancSn=178944,2026-09-21 06:20
K-Startup,(~ 9/4 마감) 2026년도 재도전응원본부 재창업 특화교육ㆍ컨설팅 프로그램 모집 공고,중소벤처기업진흥공단,2026-09-04,https://www.k-startup.go.kr/web/contents/bizpbanc-ongoing.do?schM=view&pbancSn=179013,2026-09-21 06:20
K-Startup,2026년 서울창업허브 창동 투자 특화 프로그램 - IR 라운드(2회차),서울창업허브 창동,2026-09-04,https://www.k-startup.go.kr/web/contents/bizpbanc-ongoing.do?schM=view&pbancSn=178965,2026-09-21 06:20
K-Startup,BOUNCE 2026 글로벌 오피스아워 참여 스타트업 모집 공고,(재)부산창조경제혁신센터,2026-09-04,https://www.k-startup.go.kr/web/contents/bizpbanc-ongoing.do?schM=view&pbancSn=179051,2026-09-21 06:20
K-Startup,[인천대학교] 모두의창업 프로젝트(2차) 모집홍보 교육 『AI와 함께하는 BM 스쿨』,인천대학교,2026-09-04,https://www.k-startup.go.kr/web/contents/bizpbanc-ongoing.do?schM=view&pbancSn=179053,2026-09-21 06:20
K-Startup,2026년 서울지식재산센터 IP디딤돌 IP창업존 33기 교육생 모집(2026년 2차),재단법인 서울경제진흥원,2026-09-04,https://www.k-startup.go.kr/web/contents/bizpbanc-ongoing.do?schM=view&pbancSn=179107,2026-09-21 06:20
K-Startup,[광운대학교] 『모두의 창업 프로젝트 2기』지역별 사업 설명회 통합 안내,광운대학교 NCI창업패키지사업단,2026-09-04,https://www.k-startup.go.kr/web/contents/bizpbanc-ongoing.do?schM=view&pbancSn=178911,2026-09-21 06:20
K-Startup,2026년 라이브커머스 플랫폼을 활용한 쇼호스트 교육생 모집,경기도경제과학진흥원,2026-09-04,https://www.k-startup.go.kr/web/contents/bizpbanc-ongoing.do?schM=view&pbancSn=178766,2026-09-21 06:20
K-Startup,2026년 광주 IP(지식재산)디딤돌 IP창업존 62기(26년 4기) 모집 공고,한국발명진흥회 광주지부(광주지식재산센터),2026-09-04,https://www.k-startup.go.kr/web/contents/bizpbanc-ongoing.do?schM=view&pbancSn=178913,2026-09-21 06:20
K-Startup,삼성 EPC 3사 2026 ConTech 공모전 모집 공고,"삼성E&A, 삼성물산 건설부문, 삼성중공업",2026-09-04,https://www.k-startup.go.kr/web/contents/bizpbanc-ongoing.do?schM=view&pbancSn=178593,2026-09-21 06:20
K-Startup,2026년「BTS」(Blueprint To Success) - 마인드 마이너 송길영 작가,광운대학교 NCI창업패키지사업단,2026-09-05,https://www.k-startup.go.kr/web/contents/bizpbanc-ongoing.do?schM=view&pbancSn=178575,2026-09-21 06:20
교육부_공지사항,"2025년 특성화고(직업), 마이스터고, 일반고 직업계열학과 현황",교육부,2026-09-05,https://www.moe.go.kr/boardCnts/view.do?boardID=316&boardSeq=107143,2026-09-21 06:20
K-Startup,디캠프 x HAX Hardtech Pre-Program US Forged,재단법인 은행권청년창업재단,2026-09-06,https://www.k-startup.go.kr/web/contents/bizpbanc-ongoing.do?schM=view&pbancSn=178902,2026-09-21 06:20
K-Startup,2026년 동아대학교 초기창업패키지 'SAVE the TAX' 프로그램 모집공고,동아대학교,2026-09-06,https://www.k-startup.go.kr/web/contents/bizpbanc-ongoing.do?schM=view&pbancSn=178970,2026-09-21 06:20
K-Startup,2026-10회 호남권 엔젤투자 피칭룸 in 제주,한국엔젤투자협회 호남권 엔젤투자허브,2026-09-06,https://www.k-startup.go.kr/web/contents/bizpbanc-ongoing.do?schM=view&pbancSn=178816,2026-09-21 06:20
K-Startup,'스타트업이 알아야 할 스테이블코인이 바꾸는 금융의 미래' 비대면 교육 모집,서울핀테크랩,2026-09-06,https://www.k-startup.go.kr/web/contents/bizpbanc-ongoing.do?schM=view&pbancSn=178722,2026-09-21 06:20
K-Startup,2026년 금천청년꿈터 『모두의창업 2기 A to Z 창업교육』 참가자 모집,중앙대학교 산학협력단,2026-09-06,https://www.k-startup.go.kr/web/contents/bizpbanc-ongoing.do?schM=view&pbancSn=178987,2026-09-21 06:20
K-Startup,『2026년 제3회 창업지원센터 청년관 신규 1인창조기업 모집』공고,수원도시재단,2026-09-06,https://www.k-startup.go.kr/web/contents/bizpbanc-ongoing.do?schM=view&pbancSn=178887,2026-09-21 06:20
K-Startup,2026년「강남 취‧창업허브센터」7차 입주 기업 신규 모집,서울특별시 강남구청,2026-09-06,https://www.k-startup.go.kr/web/contents/bizpbanc-ongoing.do?schM=view&pbancSn=178941,2026-09-21 06:20
K-Startup,'동남아 시장 진입과 사업 확장 실행 전략' 특별 강연 참가자 모집 (『신한 스퀘어브릿지』 9월 브릿지 클럽),신한금융희망재단,2026-09-06,https://www.k-startup.go.kr/web/contents/bizpbanc-ongoing.do?schM=view&pbancSn=178942,2026-09-21 06:20
K-Startup,시니어 비즈니스 에이지테크 포럼 커피챗 네트워킹,시니어퓨처,2026-09-06,https://www.k-startup.go.kr/web/contents/bizpbanc-ongoing.do?schM=view&pbancSn=179000,2026-09-21 06:20
K-Startup,청년창업 네트워킹 데이 「고민살롱」,수원도시재단,2026-09-07,https://www.k-startup.go.kr/web/contents/bizpbanc-ongoing.do?schM=view&pbancSn=179108,2026-09-21 06:20
K-Startup,KAC 한국공항공사 항공산업분야 창업 인큐베이팅 프로그램,한국공항공사,2026-09-07,https://www.k-startup.go.kr/web/contents/bizpbanc-ongoing.do?schM=view&pbancSn=179023,2026-09-21 06:20
K-Startup,[무료/선착순] 대구 피지컬AI & 공공데이터 활용 세미나,메타코드에이치,2026-09-07,https://www.k-startup.go.kr/web/contents/bizpbanc-ongoing.do?schM=view&pbancSn=178936,2026-09-21 06:20
K-Startup,K-패션 브랜드 글로벌 런웨이 참가·개최 지원사업 참여기업 모집,서울경제진흥원,2026-09-07,https://www.k-startup.go.kr/web/contents/bizpbanc-ongoing.do?schM=view&pbancSn=179015,2026-09-21 06:20
K-Startup,2026년 대전 스타트업스쿨 스타트업 리딩클래스 (4회차 ㅣ 스타트업 IR & 투자유치 마스터클래스),대전창조경제혁신센터,2026-09-07,https://www.k-startup.go.kr/web/contents/bizpbanc-ongoing.do?schM=view&pbancSn=179046,2026-09-21 06:20
K-Startup,한-인니 기후 생태계(기후테크) 컨퍼런스 SOLVE Conference 2026,유디 임팩트,2026-09-07,https://www.k-startup.go.kr/web/contents/bizpbanc-ongoing.do?schM=view&pbancSn=178963,2026-09-21 06:20
K-Startup,친환경(GX) 스타트업 오사카 진출 지원 사업 Plug in: Osaka #14 참가 스타트업 모집(~9.7.(월) 17:59까지),(재)부산창조경제혁신센터,2026-09-07,https://www.k-startup.go.kr/web/contents/bizpbanc-ongoing.do?schM=view&pbancSn=179077,2026-09-21 06:20
K-Startup,[코레일유통/본사] 제11차 청년창업 제휴사업자 모집공고,코레일유통(주),2026-09-07,https://www.k-startup.go.kr/web/contents/bizpbanc-ongoing.do?schM=view&pbancSn=179072,2026-09-21 06:20
K-Startup,[창업] AI 활용 상세페이지·상품 기획 실습,마포청년창업취업지원센터 나루,2026-09-07,https://www.k-startup.go.kr/web/contents/bizpbanc-ongoing.do?schM=view&pbancSn=178937,2026-09-21 06:20
K-Startup,2026년 해양수산 기업현장방문행사(팸투어) 참여기업 모집공고,해양수산과학기술진흥원,2026-09-07,https://www.k-startup.go.kr/web/contents/bizpbanc-ongoing.do?schM=view&pbancSn=179029,2026-09-21 06:20
K-Startup,2026 현대모비스 CSV 오픈 이노베이션 참여 기업 모집,(주)엠와이소셜컴퍼니,2026-09-07,https://www.k-startup.go.kr/web/contents/bizpbanc-ongoing.do?schM=view&pbancSn=178951,2026-09-21 06:20
K-Startup,구로구 청년창업지원센터_전문 창업교육생 추가 모집 (하반기),구로구 청년창업지원센터,2026-09-07,https://www.k-startup.go.kr/web/contents/bizpbanc-ongoing.do?schM=view&pbancSn=179060,2026-09-21 06:20
K-Startup,모두의 창업 2차 프로젝트 사업설명회,단국대학교 창업지원단,2026-09-07,https://www.k-startup.go.kr/web/contents/bizpbanc-ongoing.do?schM=view&pbancSn=178993,2026-09-21 06:20
K-Startup,「2026년 ANCHOR i7 캠퍼스 스타트업 Seed 지원사업」,(주)엠와이소셜컴퍼니,2026-09-07,https://www.k-startup.go.kr/web/contents/bizpbanc-ongoing.do?schM=view&pbancSn=179070,2026-09-21 06:20
K-Startup,2026 경기 고양 MICE 연계 창업리그 참가자 모집 공고 (모집기간 연장),(재)고양국제박람회재단,2026-09-08,https://www.k-startup.go.kr/web/contents/bizpbanc-ongoing.do?schM=view&pbancSn=179095,2026-09-21 06:20
K-Startup,2026 인천 관광스타트업 IR 데이 참가기업 모집,인천관광공사,2026-09-08,https://www.k-startup.go.kr/web/contents/bizpbanc-ongoing.do?schM=view&pbancSn=178979,2026-09-21 06:20
K-Startup,[SBS문화재단x한투AC] Media'X' challenge 2026 ｜ 총 5.2억원 상당 상금 및 크레딧 지급,한국투자액셀러레이터,2026-09-08,https://www.k-startup.go.kr/web/contents/bizpbanc-ongoing.do?schM=view&pbancSn=178863,2026-09-21 06:20
교육부_공지사항,2026년 특수교육 연차보고서,교육부,2026-09-08,https://www.moe.go.kr/boardCnts/view.do?boardID=316&boardSeq=107157,2026-09-21 06:20
K-Startup,스타트업 자금조달 WEEK  (투자) 프로그램 참가기업 모집,서강대학교 판교캠퍼스사업단,2026-09-08,https://www.k-startup.go.kr/web/contents/bizpbanc-ongoing.do?schM=view&pbancSn=179074,2026-09-21 06:20
K-Startup,투자유치 프로그램: IR 교육,수원도시재단,2026-09-08,https://www.k-startup.go.kr/web/contents/bizpbanc-ongoing.do?schM=view&pbancSn=179055,2026-09-21 06:20
K-Startup,[Try Everything 2026] 서울시 글로벌 창업행사  사전등록 신청,재단법인 서울경제진흥원,2026-09-08,https://www.k-startup.go.kr/web/contents/bizpbanc-ongoing.do?schM=view&pbancSn=178756,2026-09-21 06:20
K-Startup,[강동구 청년해냄센터] 전문분야 창업멘토링 9월 참가자 모집,강동구 청년해냄센터,2026-09-08,https://www.k-startup.go.kr/web/contents/bizpbanc-ongoing.do?schM=view&pbancSn=178999,2026-09-21 06:20
K-Startup,2026 강원랜드 상생형 창업·벤처기업 지원사업,한국생산성본부,2026-09-08,https://www.k-startup.go.kr/web/contents/bizpbanc-ongoing.do?schM=view&pbancSn=179044,2026-09-21 06:20
K-Startup,청년창업 IR 경진대회,달서구 청년창업지원센터,2026-09-08,https://www.k-startup.go.kr/web/contents/bizpbanc-ongoing.do?schM=view&pbancSn=179101,2026-09-21 06:20
K-Startup,[서울과학기술대학교]레이저커팅기 장비교육,서울과학기술대학교,2026-09-08,https://www.k-startup.go.kr/web/contents/bizpbanc-ongoing.do?schM=view&pbancSn=179148,2026-09-21 06:20
K-Startup,서울창업허브 공덕 x Saint Clair - 유럽 진출 토크 콘서트,(재)서울경제진흥원,2026-09-08,https://www.k-startup.go.kr/web/contents/bizpbanc-ongoing.do?schM=view&pbancSn=179026,2026-09-21 06:20
K-Startup,2026년 하반기 D-테스트베드 참여자 모집,한국핀테크지원센터,2026-09-08,https://www.k-startup.go.kr/web/contents/bizpbanc-ongoing.do?schM=view&pbancSn=178949,2026-09-21 06:20
K-Startup,관악 마케팅 지원 참여자 모집,관악구청,2026-09-09,https://www.k-startup.go.kr/web/contents/bizpbanc-ongoing.do?schM=view&pbancSn=179076,2026-09-21 06:20
K-Startup,서울디자인런 2026 - 창업은 언제 혼자를 벗어나야 할까?,(주)오픈놀,2026-09-09,https://www.k-startup.go.kr/web/contents/bizpbanc-ongoing.do?schM=view&pbancSn=179137,2026-09-21 06:20
K-Startup,2026년 『고양시 투자 레벨업 프로그램 NEXT ROUND』 참가기업 모집 공고,고양산업진흥원,2026-09-09,https://www.k-startup.go.kr/web/contents/bizpbanc-ongoing.do?schM=view&pbancSn=179003,2026-09-21 06:20
K-Startup,[경과원 X 노션] &apos;노션으로 만드는 스타트업 AI OS&apos; 특강 참여자 모집,경기도경제과학진흥원,2026-09-09,https://www.k-startup.go.kr/web/contents/bizpbanc-ongoing.do?schM=view&pbancSn=179030,2026-09-21 06:20
K-Startup,2026년도 ｢서울 관광스타트업 육성 지원(상생협력) 사업｣ 공모,서울특별시장,2026-09-09,https://www.k-startup.go.kr/web/contents/bizpbanc-ongoing.do?schM=view&pbancSn=179008,2026-09-21 06:20
K-Startup,중동상황대응  [수출위기극복 및 대체시장 개척]  심화컨설팅,서울경제진흥원,2026-09-09,https://www.k-startup.go.kr/web/contents/bizpbanc-ongoing.do?schM=view&pbancSn=179017,2026-09-21 06:20
K-Startup,[SFL | KSC도쿄] K-스타트업을 위한 일본 금융시장 진출 마스터클래스 Japan Finance Expert Insight,서울핀테크랩,2026-09-09,https://www.k-startup.go.kr/web/contents/bizpbanc-ongoing.do?schM=view&pbancSn=179033,2026-09-21 06:20
K-Startup,[서울여자대학교 창업보육센터] 신규 입주기업 모집 공고,서울여자대학교 창업보육센터,2026-09-09,https://www.k-startup.go.kr/web/contents/bizpbanc-ongoing.do?schM=view&pbancSn=179056,2026-09-21 06:20
K-Startup,2026년 충북 바이오 오픈이노베이션 사업 참여 스타트업 모집,오송첨단의료산업진흥재단,2026-09-09,https://www.k-startup.go.kr/web/contents/bizpbanc-ongoing.do?schM=view&pbancSn=178998,2026-09-21 06:20
K-Startup,2026 서울 오픈이노베이션 인사이트 데이,(주)마크앤컴퍼니,2026-09-09,https://www.k-startup.go.kr/web/contents/bizpbanc-ongoing.do?schM=view&pbancSn=179028,2026-09-21 06:20
K-Startup,2026 창업경진대회(IMPACT ON 강북 : 아이디어와 투자로 만드는 강북의 창업 무대) 관람객 모집,강북청년창업마루,2026-09-09,https://www.k-startup.go.kr/web/contents/bizpbanc-ongoing.do?schM=view&pbancSn=179165,2026-09-21 06:20
K-Startup,「민관협력 오픈이노베이션 지원」2026년 &apos;규제자유특구 지원&apos; 창업기업 모집공고,중소벤처기업부장관,2026-09-09,https://www.k-startup.go.kr/web/contents/bizpbanc-ongoing.do?schM=view&pbancSn=178975,2026-09-21 06:20
K-Startup,홍콩 코스모프로프 미용 전시회(Cosmoprof Asia 2026) 서울 공동관 참여기업 모집,서울경제진흥원,2026-09-10,https://www.k-startup.go.kr/web/contents/bizpbanc-ongoing.do?schM=view&pbancSn=179071,2026-09-21 06:20
K-Startup,상지대학교 창업보육센터 입주기업 모집 공고,상지대학교 창업보육센터,2026-09-10,https://www.k-startup.go.kr/web/contents/bizpbanc-ongoing.do?schM=view&pbancSn=179136,2026-09-21 06:20
K-Startup,2026년 CAU Tech-Connecting Day [중앙대학교 기술세미나 및 기술상담회],중앙대학교 창업보육센터(다빈치),2026-09-10,https://www.k-startup.go.kr/web/contents/bizpbanc-ongoing.do?schM=view&pbancSn=178924,2026-09-21 06:20
K-Startup,[모두의창업 2기] 서울시립대학교 운영기관 설명회,서울시립대학교 창업지원단,2026-09-10,https://www.k-startup.go.kr/web/contents/bizpbanc-ongoing.do?schM=view&pbancSn=179133,2026-09-21 06:20
K-Startup,26년 AI·스마트전자제품 금형지원 기업모집,한국전자정보통신산업진흥회,2026-09-10,https://www.k-startup.go.kr/web/contents/bizpbanc-ongoing.do?schM=view&pbancSn=179061,2026-09-21 06:20
K-Startup,2026년 민간 산림복지 창업 아카데미[1차] 참가자 모집,한국산림복지진흥원,2026-09-10,https://www.k-startup.go.kr/web/contents/bizpbanc-ongoing.do?schM=view&pbancSn=179045,2026-09-21 06:20
K-Startup,2026년 서울창업센터 관악 관악S밸리 창업 페스티벌  &apos;창업 아이디어 경진대회&apos; 참가자 모집,서울창업센터 관,2026-09-10,https://www.k-startup.go.kr/web/contents/bizpbanc-ongoing.do?schM=view&pbancSn=179130,2026-09-21 06:20
K-Startup,2026년 대구 콘텐츠 스케일업 액셀러레이팅 프로그램 지원사업 참여기업 추가 모집 공고,(재)대구디지털혁신진흥원,2026-09-10,https://www.k-startup.go.kr/web/contents/bizpbanc-ongoing.do?schM=view&pbancSn=179039,2026-09-21 06:20
K-Startup,2026 인도네시아 자카르타 할랄 식품전시회 지역 수출컨소시엄,성남산업진흥원,2026-09-10,https://www.k-startup.go.kr/web/contents/bizpbanc-ongoing.do?schM=view&pbancSn=178984,2026-09-21 06:20
K-Startup,2026 서울 오픈이노베이션 글로벌 데이,서울경제진흥원,2026-09-10,https://www.k-startup.go.kr/web/contents/bizpbanc-ongoing.do?schM=view&pbancSn=179154,2026-09-21 06:20
K-Startup,2026년 제3차 관악S밸리 창업 공간 신규 입주기업 모집 공고,재단법인 관악중소벤처진흥원,2026-09-11,https://www.k-startup.go.kr/web/contents/bizpbanc-ongoing.do?schM=view&pbancSn=179113,2026-09-21 06:20
K-Startup,「2026 기업가정신 확산 및 진흥 유공」 포상 신청 공고,한국청년기업가정신재단,2026-09-11,https://www.k-startup.go.kr/web/contents/bizpbanc-ongoing.do?schM=view&pbancSn=178633,2026-09-21 06:20
K-Startup,&apos;26-2차 KHNP AI(아이)누리 입주기업 공모,한국수력원자력(주),2026-09-11,https://www.k-startup.go.kr/web/contents/bizpbanc-ongoing.do?schM=view&pbancSn=179005,2026-09-21 06:20
K-Startup,2026년 한국공항공사 상생형 창업·벤처 기업지원 프로그램 참여기업 모집,한국공항공사,2026-09-11,https://www.k-startup.go.kr/web/contents/bizpbanc-ongoing.do?schM=view&pbancSn=179110,2026-09-21 06:20
K-Startup,인천스타트업파크 부스트 스타트업 TechCrunch Disrupt 2026 참가기업 모집공고,(재)인천테크노파크,2026-09-11,https://www.k-startup.go.kr/web/contents/bizpbanc-ongoing.do?schM=view&pbancSn=179075,2026-09-21 06:20
K-Startup,2026년 달구벌여성창업보육센터 4차 입주기업 모집,달구벌여성인력개발센터,2026-09-11,https://www.k-startup.go.kr/web/contents/bizpbanc-ongoing.do?schM=view&pbancSn=178660,2026-09-21 06:20
K-Startup,2026년 수원대학교 WoW!메이커스 특허 출원 지원 참여기업 모집 공고,수원대학교 WoW!메이커스,2026-09-11,https://www.k-startup.go.kr/web/contents/bizpbanc-ongoing.do?schM=view&pbancSn=179032,2026-09-21 06:20
K-Startup,2026년 경기도일자리재단 1인 창조기업 지원센터 하반기 신규 기업 모집,경기도일자리재단,2026-09-11,https://www.k-startup.go.kr/web/contents/bizpbanc-ongoing.do?schM=view&pbancSn=178792,2026-09-21 06:20
K-Startup,「상생형 창업벤처기업 지원사업」한전KDN 에너지 ICT 창업벤처기업 모집 공고,한국전기산업진흥회 에너지밸리기업개발원,2026-09-11,https://www.k-startup.go.kr/web/contents/bizpbanc-ongoing.do?schM=view&pbancSn=179066,2026-09-21 06:20
K-Startup,[부산대학교병원]「2026년 의료·헬스케어 스타트업 인큐베이터 사업」오픈이노베이션 지원사업 모집 공고,부산대학교병원,2026-09-11,https://www.k-startup.go.kr/web/contents/bizpbanc-ongoing.do?schM=view&pbancSn=179027,2026-09-21 06:20
K-Startup,달서구 중장년 기술창업센터  입주기업 모집,달서구 중장년 기술창업센터,2026-09-11,https://www.k-startup.go.kr/web/contents/bizpbanc-ongoing.do?schM=view&pbancSn=178996,2026-09-21 06:20
K-Startup,고려대기술지주(주) 판교인큐베이팅센터 입주기업 모집공고,고려대학교기술지주 주식회사,2026-09-11,https://www.k-startup.go.kr/web/contents/bizpbanc-ongoing.do?schM=view&pbancSn=179100,2026-09-21 06:20
K-Startup,2026 북부 경기문화창조허브 스타트업 입주사 23기 모집 공고,경기콘텐츠진흥원,2026-09-11,https://www.k-startup.go.kr/web/contents/bizpbanc-ongoing.do?schM=view&pbancSn=178872,2026-09-21 06:20
K-Startup,2026년 서울창업허브M+ 글로벌 오픈 이노베이션,서울경제진흥원,2026-09-11,https://www.k-startup.go.kr/web/contents/bizpbanc-ongoing.do?schM=view&pbancSn=178915,2026-09-21 06:20
K-Startup,2026년 한양대학교 ERICA 산학협력단지 입주기업 모집 공고,한양대학교  ERICA 캠퍼스혁신파크사업단,2026-09-11,https://www.k-startup.go.kr/web/contents/bizpbanc-ongoing.do?schM=view&pbancSn=179087,2026-09-21 06:20
K-Startup,2026 예비오션스타 기업 모집 공고,해양수산부장관,2026-09-11,https://www.k-startup.go.kr/web/contents/bizpbanc-ongoing.do?schM=view&pbancSn=178977,2026-09-21 06:20
K-Startup,2026년 「스마트제조창업팩토리관」 입주기업 모집 공고,충북테크노파크,2026-09-11,https://www.k-startup.go.kr/web/contents/bizpbanc-ongoing.do?schM=view&pbancSn=178624,2026-09-21 06:20
K-Startup,2026년 세종특별자치시 나성동 AI융합창업보육센터 3차 입주기업(인큐베이팅룸) 모집 공고,(재)세종창조경제혁신센터,2026-09-11,https://www.k-startup.go.kr/web/contents/bizpbanc-ongoing.do?schM=view&pbancSn=179102,2026-09-21 06:20
K-Startup,2026 오픈소스 로봇 손(Amazing Hand)으로 배우는 Physical AI 실습 교육,차세대융합기술연구원,2026-09-11,https://www.k-startup.go.kr/web/contents/bizpbanc-ongoing.do?schM=view&pbancSn=179010,2026-09-21 06:20
K-Startup,2026년 초기창업패키지 네이버클라우드 오픈이노베이션 밋업 참가기업 모집공고,씨엔티테크(주),2026-09-11,https://www.k-startup.go.kr/web/contents/bizpbanc-ongoing.do?schM=view&pbancSn=178994,2026-09-21 06:20
K-Startup,<소셜벤처 프렙스쿨 14기>  사회연대경제기업 창업 육성 프로그램  참여기업 모집,유원대학교 충남 앵커사업단,2026-09-12,https://www.k-startup.go.kr/web/contents/bizpbanc-ongoing.do?schM=view&pbancSn=179091,2026-09-21 06:20
K-Startup,"모두의창업 지원서 작성법 특강 ""모두의창업 지원서 작성포인트! 사례로 알려드립니다""",단국대학교 창업교육센터,2026-09-12,https://www.k-startup.go.kr/web/contents/bizpbanc-ongoing.do?schM=view&pbancSn=179162,2026-09-21 06:20
K-Startup,2026년 SaaS 전환지원센터xAWS SaaS 현대화 교육 3회차 참가자 모집 공고,"정보통신산업진흥원, SaaS 전환지원센터",2026-09-13,https://www.k-startup.go.kr/web/contents/bizpbanc-ongoing.do?schM=view&pbancSn=179082,2026-09-21 06:20
K-Startup,중앙대-금천구 창업 협력공간(창업교육스튜디오) 입주자 모집 공고,중앙대학교 산학협력단,2026-09-13,https://www.k-startup.go.kr/web/contents/bizpbanc-ongoing.do?schM=view&pbancSn=179042,2026-09-21 06:20
K-Startup,2026년 28청춘창업소 액셀러레이팅 창업 역량강화교육: 투자유치 및 IR 전략,고양산업진흥원,2026-09-13,https://www.k-startup.go.kr/web/contents/bizpbanc-ongoing.do?schM=view&pbancSn=179090,2026-09-21 06:20
K-Startup,중앙대-금천구 창업 협력공간(혁신지원거점센터) 입주자 모집 공고,중앙대학교 산학협력단,2026-09-13,https://www.k-startup.go.kr/web/contents/bizpbanc-ongoing.do?schM=view&pbancSn=179040,2026-09-21 06:20
K-Startup,2026년 온디바이스AI 제품개발·제조 및 기술지원 기업모집공고,한국전자정보통신산업진흥회,2026-09-14,https://www.k-startup.go.kr/web/contents/bizpbanc-ongoing.do?schM=view&pbancSn=179063,2026-09-21 06:20
K-Startup,SURF 2026 INCHEON (인천스타트업위크) 사전 등록 및 비즈니스 밋업 신청 오픈,인천창조경제혁신센터,2026-09-14,https://www.k-startup.go.kr/web/contents/bizpbanc-ongoing.do?schM=view&pbancSn=179156,2026-09-21 06:20
K-Startup,2026년 세종 스타트업 원스톱 지원센터 아카데미 3차,세종창조경제혁신센터,2026-09-14,https://www.k-startup.go.kr/web/contents/bizpbanc-ongoing.do?schM=view&pbancSn=179036,2026-09-21 06:20
K-Startup,2026년 9월 동네창업학교 교육생 모집 공고,충남신용보증재단,2026-09-14,https://www.k-startup.go.kr/web/contents/bizpbanc-ongoing.do?schM=view&pbancSn=179050,2026-09-21 06:20
K-Startup,2026년 6회차 지식재산권 무료 초청교육 수요조사,한국특허정보원,2026-09-14,https://www.k-startup.go.kr/web/contents/bizpbanc-ongoing.do?schM=view&pbancSn=178885,2026-09-21 06:20
K-Startup,2026년 제4차 국립공주대학교 창업보육센터 입주기업 모집 연장공고,국립공주대학교 산학협력,2026-09-14,https://www.k-startup.go.kr/web/contents/bizpbanc-ongoing.do?schM=view&pbancSn=179097,2026-09-21 06:20
K-Startup,[무료 AI 역량강화 교육] 생성형 AI 기반 무역 컴플라이언스 및 관세·ESG 리스크 최적화,(주)글로벌창업연구소,2026-09-14,https://www.k-startup.go.kr/web/contents/bizpbanc-ongoing.do?schM=view&pbancSn=178798,2026-09-21 06:20
K-Startup,2026「판교 창업존」입주기업 및 투자사·협력기관 2차 모집 공고,경기창조경제혁신센터,2026-09-14,https://www.k-startup.go.kr/web/contents/bizpbanc-ongoing.do?schM=view&pbancSn=179084,2026-09-21 06:20
K-Startup,2026년 초기창업기업 마케팅 AX 지원 프로그램 「AD:START」 1기 참여기업 모집 공고,이미지팩토리,2026-09-14,https://www.k-startup.go.kr/web/contents/bizpbanc-ongoing.do?schM=view&pbancSn=179079,2026-09-21 06:20
K-Startup,[모집기간 연장] 2026 현대모비스 CSV 오픈 이노베이션 참여 기업 모집,(주)엠와이소셜컴퍼니,2026-09-14,https://www.k-startup.go.kr/web/contents/bizpbanc-ongoing.do?schM=view&pbancSn=179159,2026-09-21 06:20
K-Startup,2026년 구미시 스타트업 필드 4차 입주기업 모집 공고,구미전자정보기술원,2026-09-14,https://www.k-startup.go.kr/web/contents/bizpbanc-ongoing.do?schM=view&pbancSn=179019,2026-09-21 06:20
K-Startup,"제2회 도봉 창업 포럼 (NCI 민.관.학 창업 포럼) : 대전환의 시대, 기술과 사회적 가치가 여는 창업의 새로운 기회(기조강연 : 과학크리에이터 궤도)",도봉구 청년창업센터장,2026-09-14,https://www.k-startup.go.kr/web/contents/bizpbanc-ongoing.do?schM=view&pbancSn=178980,2026-09-21 06:20
K-Startup,광명업사이클아트센터 2026년 하반기 가상오피스 지원기업 모집,광명시,2026-09-14,https://www.k-startup.go.kr/web/contents/bizpbanc-ongoing.do?schM=view&pbancSn=178930,2026-09-21 06:20
K-Startup,[창업 교육] 투자자가 보는 기업 가치와 IR 전략,광진경제허브센터,2026-09-14,https://www.k-startup.go.kr/web/contents/bizpbanc-ongoing.do?schM=view&pbancSn=179119,2026-09-21 06:20
교육부_사업공고,2026년 태국한국교육원 한국어말하기 대회 방한연수 운영기관 공모,교육부,2026-09-14,https://www.moe.go.kr/boardCnts/view.do?boardID=72761&boardSeq=72761,2026-09-21 06:20
K-Startup,2026년 하반기 경기도여성창업보육센터 입주기업 모집공고,경기도일자리재단 남부사업본부장,2026-09-15,https://www.k-startup.go.kr/web/contents/bizpbanc-ongoing.do?schM=view&pbancSn=179011,2026-09-21 06:20
K-Startup,2026년 대구콘텐츠코리아랩 콘텐츠 스타트업 글로벌 챌린지 참가기업 모집 공고,(재)대구디지털혁신진흥원장,2026-09-15,https://www.k-startup.go.kr/web/contents/bizpbanc-ongoing.do?schM=view&pbancSn=179086,2026-09-21 06:20
K-Startup,2026 큐네스티 소셜임팩트 TIPS IR 데모데이 참가기업 모집 (@ 배민스타트업스퀘어),재단법인 큐네스티,2026-09-15,https://www.k-startup.go.kr/web/contents/bizpbanc-ongoing.do?schM=view&pbancSn=178927,2026-09-21 06:20
K-Startup,모두의 창업 로컬기업 육성사업 교육(동남권),알에이치테크,2026-09-15,https://www.k-startup.go.kr/web/contents/bizpbanc-ongoing.do?schM=view&pbancSn=179212,2026-09-21 06:20
K-Startup,청년창업 거주지원시설(창업하여家) 입주자 3차 모집,(재)광주테크노파크,2026-09-15,https://www.k-startup.go.kr/web/contents/bizpbanc-ongoing.do?schM=view&pbancSn=179138,2026-09-21 06:20
K-Startup,2026년 특허출원·등록 비용 바우처 지원사업 12차(하반기 5차),(사)한국중소기업발전협회,2026-09-15,https://www.k-startup.go.kr/web/contents/bizpbanc-ongoing.do?schM=view&pbancSn=179043,2026-09-21 06:20
K-Startup,(대구센터) 2026년 제8회 제대군인 창업 워크숍 개최 안내,국가보훈부,2026-09-15,https://www.k-startup.go.kr/web/contents/bizpbanc-ongoing.do?schM=view&pbancSn=179146,2026-09-21 06:20
K-Startup,경기도경제과학진흥원과 함께하는 모두의 창업(2차) 사업 설명회,경기도경제과학진흥원,2026-09-15,https://www.k-startup.go.kr/web/contents/bizpbanc-ongoing.do?schM=view&pbancSn=179219,2026-09-21 06:20
K-Startup,26년 9월 스타트업 언론 홍보 지원사업 참가사 모집 공고(1차),스타트업 데일리,2026-09-15,https://www.k-startup.go.kr/web/contents/bizpbanc-ongoing.do?schM=view&pbancSn=179149,2026-09-21 06:20
K-Startup,2026년 청년창업기업 세무 역량강화 특강 및 1:1 멘토링 참여자 모집,성동청년 창업이룸센터,2026-09-15,https://www.k-startup.go.kr/web/contents/bizpbanc-ongoing.do?schM=view&pbancSn=179151,2026-09-21 06:20
K-Startup,「2026년 스타트업 법률지원사업 대구광역시 법률상담회」 참여기업 모집 안내,창업진흥원 원스톱지원실,2026-09-15,https://www.k-startup.go.kr/web/contents/bizpbanc-ongoing.do?schM=view&pbancSn=179197,2026-09-21 06:20
K-Startup,2026년 9월 전북 IR피칭 & 오피스아워 by KRYPTON 신청 접수,(주)크립톤 전북지사,2026-09-15,https://www.k-startup.go.kr/web/contents/bizpbanc-ongoing.do?schM=view&pbancSn=179120,2026-09-21 06:20
K-Startup,2026년 성장기업 재무·세무 관리개선  바우처 지원사업 제1차 시행계획 공고,(사)한국중소기업발전협회,2026-09-15,https://www.k-startup.go.kr/web/contents/bizpbanc-ongoing.do?schM=view&pbancSn=179073,2026-09-21 06:20
K-Startup,[서울과학기술대학교]레이저커팅기 장비교육,서울과학기술대학교,2026-09-15,https://www.k-startup.go.kr/web/contents/bizpbanc-ongoing.do?schM=view&pbancSn=179196,2026-09-21 06:20
K-Startup,2026년 한전KPS 창업벤처기업 육성 지원사업 참여기업 모집안내(연장),한국전기산업진흥회 에너지밸리기업개발원,2026-09-15,https://www.k-startup.go.kr/web/contents/bizpbanc-ongoing.do?schM=view&pbancSn=179193,2026-09-21 06:20
K-Startup,2026년 서울핀테크랩 FIN-오픈이노베이션 Meep-up Day 9회차 - NH농협은행,서울핀테크랩,2026-09-15,https://www.k-startup.go.kr/web/contents/bizpbanc-ongoing.do?schM=view&pbancSn=179114,2026-09-21 06:20
K-Startup,「글로벌 교류·투자유치 Meet Taipei 2026 통합관」 참가 기업 모집 공고,(재)부산기술창업투자원,2026-09-15,https://www.k-startup.go.kr/web/contents/bizpbanc-ongoing.do?schM=view&pbancSn=179160,2026-09-21 06:20
K-Startup,"2026년 크리에이터미디어 콤플렉스 하반기 입주 모집공고(~9/15, 16:00)",방송미디어통신위원회(한국전파진흥협회),2026-09-15,https://www.k-startup.go.kr/web/contents/bizpbanc-ongoing.do?schM=view&pbancSn=178983,2026-09-21 06:20
K-Startup,2026년 인천국제공항공사 상생형 창업·벤처기업 지원사업 모집공고,인천국제공항공사,2026-09-15,https://www.k-startup.go.kr/web/contents/bizpbanc-ongoing.do?schM=view&pbancSn=179111,2026-09-21 06:20
K-Startup,[2026 마포청년축제: MAP-O] 스피드(30분) 창업 멘토링,마포청년창업취업지원센터 나루,2026-09-16,https://www.k-startup.go.kr/web/contents/bizpbanc-ongoing.do?schM=view&pbancSn=179103,2026-09-21 06:20
K-Startup,BIXPO 2026 스타트업 성장지원 프로그램 참가기업 모집(에너지·기후테크·융복합 분야 100개사),(사)코리아스타트업포럼,2026-09-16,https://www.k-startup.go.kr/web/contents/bizpbanc-ongoing.do?schM=view&pbancSn=179129,2026-09-21 06:20
K-Startup,「성남하이테크밸리 복합문화센터」 (예비)창업기업 입주 모집,성남산업진흥원,2026-09-16,https://www.k-startup.go.kr/web/contents/bizpbanc-ongoing.do?schM=view&pbancSn=179088,2026-09-21 06:20
K-Startup,한국기술교육대학교 오픈이노베이션 프로그램 참여기업 모집 공고,한국기술교육대학교 앵커사업단,2026-09-16,https://www.k-startup.go.kr/web/contents/bizpbanc-ongoing.do?schM=view&pbancSn=179213,2026-09-21 06:20
K-Startup,2026년 WoW!메이커스 IR클리닉 참여기업 모집,수원대학교 WoW!메이커스,2026-09-16,https://www.k-startup.go.kr/web/contents/bizpbanc-ongoing.do?schM=view&pbancSn=178992,2026-09-21 06:20
K-Startup,AI 기반 지역관광 문제해결 프로젝트 (역사문화형) AI 배리어프리 부문 모집,한국관광공사 트래블 X-Lab,2026-09-16,https://www.k-startup.go.kr/web/contents/bizpbanc-ongoing.do?schM=view&pbancSn=179203,2026-09-21 06:20
K-Startup,대학생 창업자가 투자를 유치하며 겪었던 이야기들(#고객이 원하는 시장을 찾는 방법) - 제9차 벤처스타트업 아카데미,DDM 청년창업센터 유니콘,2026-09-16,https://www.k-startup.go.kr/web/contents/bizpbanc-ongoing.do?schM=view&pbancSn=179202,2026-09-21 06:20
K-Startup,제7회 하남도시공사 창업경진대회,하남도시공사,2026-09-16,https://www.k-startup.go.kr/web/contents/bizpbanc-ongoing.do?schM=view&pbancSn=179239,2026-09-21 06:20
K-Startup,K-이커머스 미국 진출의 모든 것: 크라우드펀딩부터 Shopify·글로벌 결제까지 세미나 참여기업 모집,(주)펀딩인사이더,2026-09-16,https://www.k-startup.go.kr/web/contents/bizpbanc-ongoing.do?schM=view&pbancSn=179181,2026-09-21 06:20
K-Startup,한양대학교 ERICA 분야별 전문가 1:1상담회(경영파트) 모집,한양대학교 ERICA 혁신스타트업지원센터,2026-09-16,https://www.k-startup.go.kr/web/contents/bizpbanc-ongoing.do?schM=view&pbancSn=179262,2026-09-21 06:20
K-Startup,싱가포르 현지 진출 지원 국내 블록체인 기업 모집,한국인터넷진흥원,2026-09-16,https://www.k-startup.go.kr/web/contents/bizpbanc-ongoing.do?schM=view&pbancSn=179068,2026-09-21 06:20
K-Startup,2026년 서부 경기문화창조허브 가상사무실 제3차 모집,경기콘텐츠진흥원,2026-09-16,https://www.k-startup.go.kr/web/contents/bizpbanc-ongoing.do?schM=view&pbancSn=179264,2026-09-21 06:20
K-Startup,2026년 위치정보 보호조치 교육 (5차),(주)아이전스,2026-09-16,https://www.k-startup.go.kr/web/contents/bizpbanc-ongoing.do?schM=view&pbancSn=179001,2026-09-21 06:20
K-Startup,2026 아스트라제네카-서울바이오허브 글로벌 오픈이노베이션 참여기업 모집,한국과학기술연구원 서울바이오허브사업단장,2026-09-16,https://www.k-startup.go.kr/web/contents/bizpbanc-ongoing.do?schM=view&pbancSn=179174,2026-09-21 06:20
K-Startup,구로구 청년창업지원센터 일반 창업교육(하반기: 3회차): 서울시 청년이 활용 가능한 창업지원 정책,구로구 청년창업지원센터,2026-09-16,https://www.k-startup.go.kr/web/contents/bizpbanc-ongoing.do?schM=view&pbancSn=179139,2026-09-21 06:20
K-Startup,2026 모험·도전적 AI 스타트업 투자대상 발굴 경진대회,엠와이소셜컴퍼니,2026-09-16,https://www.k-startup.go.kr/web/contents/bizpbanc-ongoing.do?schM=view&pbancSn=179037,2026-09-21 06:20
K-Startup,2026년 웰컴 투 팁스 3차 참가기업 모집 (동남권),(주)로우파트너스,2026-09-17,https://www.k-startup.go.kr/web/contents/bizpbanc-ongoing.do?schM=view&pbancSn=179126,2026-09-21 06:20
K-Startup,「2026 투자유치 프로그램: 멘토링」참가기업 모집 공고,수원도시재단,2026-09-17,https://www.k-startup.go.kr/web/contents/bizpbanc-ongoing.do?schM=view&pbancSn=179064,2026-09-21 06:20
교육부_사업공고,2026년도 공공기관 고객만족도 조사 주관사업자 선정 결과 공고,교육부,2026-09-17,https://www.moe.go.kr/boardCnts/view.do?boardID=72761&boardSeq=72761,2026-09-21 06:20
K-Startup,「모두의 창업 프로젝트」통합 모집공고 2차,중소벤처기업부,2026-09-17,https://www.k-startup.go.kr/web/contents/bizpbanc-ongoing.do?schM=view&pbancSn=178952,2026-09-21 06:20
K-Startup,2026년 SVC Seoul 인턴십 프로그램 학생인턴 모집공고,창업진흥원,2026-09-17,https://www.k-startup.go.kr/web/contents/bizpbanc-ongoing.do?schM=view&pbancSn=179200,2026-09-21 06:20
K-Startup,[용인시산업진흥원] 2026년 용인 오픈이노베이션 교류회 4회차(AI),알파브라더스,2026-09-17,https://www.k-startup.go.kr/web/contents/bizpbanc-ongoing.do?schM=view&pbancSn=179099,2026-09-21 06:20
K-Startup,베트남 테크페스트(TECHFEST 2026) K-스타트업 통합관 참가기업 모집공고,창업진흥원장,2026-09-17,https://www.k-startup.go.kr/web/contents/bizpbanc-ongoing.do?schM=view&pbancSn=179192,2026-09-21 06:20
K-Startup,2026년 여성창업 사업화지원사업(2차) 참여자 모집,달구벌여성인력개발센터,2026-09-17,https://www.k-startup.go.kr/web/contents/bizpbanc-ongoing.do?schM=view&pbancSn=178589,2026-09-21 06:20
K-Startup,"2026 서울창업허브 공덕 9월 허브아워 - 투자, 수출 컨설팅",(재)서울경제진흥원,2026-09-17,https://www.k-startup.go.kr/web/contents/bizpbanc-ongoing.do?schM=view&pbancSn=179152,2026-09-21 06:20
K-Startup,2026년 제대군인 창업 경진대회 참가자 모집,국가보훈부,2026-09-17,https://www.k-startup.go.kr/web/contents/bizpbanc-ongoing.do?schM=view&pbancSn=178931,2026-09-21 06:20
K-Startup,"[부산울산경남센터] 사회적협동조합 설립인가 및 경영공시 교육 안내 (9.16.(수), 9.17.(목) - 온라인병행)",한국사회적기업진흥원 부산울산경남센터,2026-09-17,https://www.k-startup.go.kr/web/contents/bizpbanc-ongoing.do?schM=view&pbancSn=179083,2026-09-21 06:20
K-Startup,"[서초창업스테이션] 9월 1:1 전문 분야 컨설팅 - IR 덱 디자인 고도화, 세무회계",서초창업스테이션,2026-09-17,https://www.k-startup.go.kr/web/contents/bizpbanc-ongoing.do?schM=view&pbancSn=179169,2026-09-21 06:20
K-Startup,로컬임팩트는 왜 확장되지 않는가? | 신한금융희망재단 × 제3회 대한민국 사회적가치 페스타,신한금융희망재단,2026-09-18,https://www.k-startup.go.kr/web/contents/bizpbanc-ongoing.do?schM=view&pbancSn=179176,2026-09-21 06:20
K-Startup,2026년 재도전 마인드업(힐링캠프) 참여자 모집,중소벤처기업진흥공단,2026-09-18,https://www.k-startup.go.kr/web/contents/bizpbanc-ongoing.do?schM=view&pbancSn=179260,2026-09-21 06:20
K-Startup,성남 기후테크 UpSkill 아카데미 Vol.2 - 비즈니스모델 개발과 기술사업화,도시혁신그룹 무브먼트 주식회사,2026-09-18,https://www.k-startup.go.kr/web/contents/bizpbanc-ongoing.do?schM=view&pbancSn=179125,2026-09-21 06:20
K-Startup,창업·벤처 녹색융합클러스터 그린아이디어랩(비상주오피스) 청년 이용자 모집,한국환경산업기술원,2026-09-18,https://www.k-startup.go.kr/web/contents/bizpbanc-ongoing.do?schM=view&pbancSn=179235,2026-09-21 06:20
K-Startup,2026 서울AI로봇쇼 피지컬 AI 포럼 참관객 모집,(재)서울경제진흥원,2026-09-18,https://www.k-startup.go.kr/web/contents/bizpbanc-ongoing.do?schM=view&pbancSn=179158,2026-09-21 06:20
K-Startup,2026년 안산정보산업진흥센터(경기TP안산창업보육센터) 제3차 신규 입주자 모집 공고,(재)경기테크노파크,2026-09-18,https://www.k-startup.go.kr/web/contents/bizpbanc-ongoing.do?schM=view&pbancSn=179172,2026-09-21 06:20
K-Startup,[서초창업스테이션] 9월 창업 교육 - 스타트업을 위한 온라인 판로개척,서초창업스테이션,2026-09-18,https://www.k-startup.go.kr/web/contents/bizpbanc-ongoing.do?schM=view&pbancSn=179167,2026-09-21 06:20
교육부_사업공고,2026년 첨단분야 인턴십 지원사업 4차 공고,교육부,2026-09-18,https://www.moe.go.kr/boardCnts/view.do?boardID=72761&boardSeq=72761,2026-09-21 06:20
교육부_사업공고,제9회 세계인문학포럼 공동개최 지방자치단체 재공모,교육부,2026-09-18,https://www.moe.go.kr/boardCnts/view.do?boardID=72761&boardSeq=72761,2026-09-21 06:20
K-Startup,[숭실대학교 캠퍼스타운] 2026 숭실 스타트업 아카데미 9월 참여자 모집,숭실대학교 캠퍼스타운사업단,2026-09-18,https://www.k-startup.go.kr/web/contents/bizpbanc-ongoing.do?schM=view&pbancSn=178890,2026-09-21 06:20
K-Startup,2026년 하반기 벤처확인 도전기업 일대일 비대면 밋업 참여기업 모집,(주)엠비즈플래닛 산하 혁신기술경영인증지원센터,2026-09-18,https://www.k-startup.go.kr/web/contents/bizpbanc-ongoing.do?schM=view&pbancSn=178947,2026-09-21 06:20
K-Startup,2026년 서강비즈니스센터 입주기업 모집(~9/20),서강대학교 창업지원단,2026-09-20,https://www.k-startup.go.kr/web/contents/bizpbanc-ongoing.do?schM=view&pbancSn=179198,2026-09-21 06:20
K-Startup,2026년 과천시 지식정보타운 무상임대 입주기업(과천크리에이션타워) 모집 공고,과천시 창업지원센터,2026-09-20,https://www.k-startup.go.kr/web/contents/bizpbanc-ongoing.do?schM=view&pbancSn=179228,2026-09-21 06:20
K-Startup,2026년 과천시 지식정보타운 무상임대 입주기업(과천상상자이타워) 모집 공고,과천시 창업지원센터,2026-09-20,https://www.k-startup.go.kr/web/contents/bizpbanc-ongoing.do?schM=view&pbancSn=179227,2026-09-21 06:20
K-Startup,[환경재단] 2027 어스샷 상 혁신 환경 솔루션 공모,환경재단,2026-09-20,https://www.k-startup.go.kr/web/contents/bizpbanc-ongoing.do?schM=view&pbancSn=178997,2026-09-21 06:20
K-Startup,[숭실대학교 캠퍼스타운] 숭실대 캠퍼스타운 x 에네이 클라우드 AX전환 PBL과정 참여자 모집,숭실대학교 캠퍼스타운사업단,2026-09-20,https://www.k-startup.go.kr/web/contents/bizpbanc-ongoing.do?schM=view&pbancSn=179117,2026-09-21 06:20
K-Startup,[고양시×스타필드 고양] 2026 고양 스타트업 팝업스토어 참가기업 모집,고양시장,2026-09-20,https://www.k-startup.go.kr/web/contents/bizpbanc-ongoing.do?schM=view&pbancSn=179191,2026-09-21 06:20
K-Startup,2026년 제5회 유니버설디자인 공모전,한남대학교 사회혁신성장지원센터,2026-09-20,https://www.k-startup.go.kr/web/contents/bizpbanc-ongoing.do?schM=view&pbancSn=178547,2026-09-21 06:20
K-Startup,2026년 과천시 창업지원센터 보육실 입주기업 모집 공고,과천시 창업지원센터,2026-09-20,https://www.k-startup.go.kr/web/contents/bizpbanc-ongoing.do?schM=view&pbancSn=179127,2026-09-21 06:20
K-Startup,2026 고양시 청년 창업가 네트워킹 및 선배 창업가 특강,고양산업진흥원,2026-09-21,https://www.k-startup.go.kr/web/contents/bizpbanc-ongoing.do?schM=view&pbancSn=179185,2026-09-21 06:20
K-Startup,2026 강원권 LIPS 민간운영사 연합 INVESTOR DAY 9월 참여기업 모집,(재)강원창조경제혁신센터,2026-09-21,https://www.k-startup.go.kr/web/contents/bizpbanc-ongoing.do?schM=view&pbancSn=179128,2026-09-21 06:20
K-Startup,2026년 패션기업 연말 맞춤형 제품 제작·프로모션 지원사업 참여기업 모집,서울경제진흥원,2026-09-21,https://www.k-startup.go.kr/web/contents/bizpbanc-ongoing.do?schM=view&pbancSn=179157,2026-09-21 06:20
K-Startup,2026년 GovTech 창업경진대회,정보통신산업진흥원,2026-09-21,https://www.k-startup.go.kr/web/contents/bizpbanc-ongoing.do?schM=view&pbancSn=178968,2026-09-21 06:20
K-Startup,2026 홍콩 메가쇼(Mega Show Hong Kong 2026) 참가기업 모집 공고,서울경제진흥원,2026-09-21,https://www.k-startup.go.kr/web/contents/bizpbanc-ongoing.do?schM=view&pbancSn=179243,2026-09-21 06:20
K-Startup,[부산대학교병원]「의료·헬스케어 스타트업 인큐베이터 사업」국내전시회(공동관) 참가지원 모집 공고,부산대학교병원장,2026-09-21,https://www.k-startup.go.kr/web/contents/bizpbanc-ongoing.do?schM=view&pbancSn=179269,2026-09-21 06:20
K-Startup,청년 창업 인사이트 밋업,관악구청,2026-09-21,https://www.k-startup.go.kr/web/contents/bizpbanc-ongoing.do?schM=view&pbancSn=179134,2026-09-21 06:20
K-Startup,2026년 시흥창업캠프,재단법인 시흥산업진흥원장,2026-09-21,https://www.k-startup.go.kr/web/contents/bizpbanc-ongoing.do?schM=view&pbancSn=179272,2026-09-21 06:20
K-Startup,서울디자인런 2026 - 투자를 준비해야 할 때는?,(주)오픈놀,2026-09-21,https://www.k-startup.go.kr/web/contents/bizpbanc-ongoing.do?schM=view&pbancSn=179238,2026-09-21 06:20
K-Startup,인천스타트업파크 부스트 스타트업 SCEWC 2026 참가기업 모집공고,(재)인천테크노파크 원장,2026-09-21,https://www.k-startup.go.kr/web/contents/bizpbanc-ongoing.do?schM=view&pbancSn=179104,2026-09-21 06:20
K-Startup,2026년 창업준비 아카데미 참여자 모집,(주)크립톤 전북지사,2026-09-21,https://www.k-startup.go.kr/web/contents/bizpbanc-ongoing.do?schM=view&pbancSn=179122,2026-09-21 06:20
K-Startup,2026 광명시 기업박람회 (GM TECH EXPO 2026) 참여기업 모집 공고,광명시청,2026-09-22,https://www.k-startup.go.kr/web/contents/bizpbanc-ongoing.do?schM=view&pbancSn=179109,2026-09-21 06:20
K-Startup,2026 한·독 바이오·헬스케어 온라인 사전 세미나,123 Factory,2026-09-22,https://www.k-startup.go.kr/web/contents/bizpbanc-ongoing.do?schM=view&pbancSn=179124,2026-09-21 06:20
K-Startup,"[2026 SK임팩트부스터 데이]  SK와 스타트업이 만드는 협력의 시작점, 9/22 SK임팩트부스터 데이에 초대합니다",마크앤컴퍼니,2026-09-22,https://www.k-startup.go.kr/web/contents/bizpbanc-ongoing.do?schM=view&pbancSn=179166,2026-09-21 06:20
K-Startup,[글로벌 인재] 2026 이공계 GKS 대학원생 산학프로젝트 및 인턴십 참여기업 모집,충남대학교 미래창업원,2026-09-22,https://www.k-startup.go.kr/web/contents/bizpbanc-ongoing.do?schM=view&pbancSn=179275,2026-09-21 06:20
K-Startup,2026 부산 창업기획자 전문인력 양성과정 공고,(재)부산기술창업투자원,2026-09-22,https://www.k-startup.go.kr/web/contents/bizpbanc-ongoing.do?schM=view&pbancSn=179069,2026-09-21 06:20
K-Startup,2026년 튀르키예 이스탄불 식품 박람회  참가기업 모집,서울경제진흥원,2026-09-22,https://www.k-startup.go.kr/web/contents/bizpbanc-ongoing.do?schM=view&pbancSn=179229,2026-09-21 06:20
K-Startup,바이오스타 2.0  예비창업자 모집 공고 및 설명회 개최,한국과학기술연구원,2026-09-22,https://www.k-startup.go.kr/web/contents/bizpbanc-ongoing.do?schM=view&pbancSn=179256,2026-09-21 06:20
K-Startup,2026년 스타트업 96 입주 예비창업자 모집,(재)대전일자리경제진흥원장,2026-09-22,https://www.k-startup.go.kr/web/contents/bizpbanc-ongoing.do?schM=view&pbancSn=179199,2026-09-21 06:20
K-Startup,[창업] 고객 경험(CX) 설계 실전,마포청년창업취업지원센터 나루,2026-09-23,https://www.k-startup.go.kr/web/contents/bizpbanc-ongoing.do?schM=view&pbancSn=178956,2026-09-21 06:20
K-Startup,"「아시아 창업 엑스포 FLY ASIA 2026」참여 스타트업 모집(1:1 밋업, 전시) / 밋업 모집 기간 연장(~9월 18일)",(재)부산기술창업투자원,2026-09-23,https://www.k-startup.go.kr/web/contents/bizpbanc-ongoing.do?schM=view&pbancSn=179164,2026-09-21 06:20
K-Startup,경기과학기술대학교 창업보육센터 입주기업 모집 7차,경기과학기술대학교 창업보육센터,2026-09-23,https://www.k-startup.go.kr/web/contents/bizpbanc-ongoing.do?schM=view&pbancSn=179231,2026-09-21 06:20
K-Startup,2026년 28청춘창업소 액셀러레이팅 프로그램 전문가 멘토링 3차,고양산업진흥원,2026-09-23,https://www.k-startup.go.kr/web/contents/bizpbanc-ongoing.do?schM=view&pbancSn=179244,2026-09-21 06:20
K-Startup,「2026년 제4회 부기테크 투자쇼」투자상담회 참가기업 모집공고,부산기술창업투자원,2026-09-23,https://www.k-startup.go.kr/web/contents/bizpbanc-ongoing.do?schM=view&pbancSn=179277,2026-09-21 06:20
K-Startup,2026년 여성과학기술인 R&D 경력복귀 지원사업 하반기 모집  공고,한국여성과학기술인육성재단,2026-09-23,https://www.k-startup.go.kr/web/contents/bizpbanc-ongoing.do?schM=view&pbancSn=179143,2026-09-21 06:20
K-Startup,2026 천안 C-STAR Awards 기술/투자 상담회 참여기업 모집,주식회사 킹고스프링,2026-09-25,https://www.k-startup.go.kr/web/contents/bizpbanc-ongoing.do?schM=view&pbancSn=179163,2026-09-21 06:20
K-Startup,연구개발특구진흥재단 X 현대차증권 Corporate Venture Connect 오픈이노베이션 배치프로그램 참가기업 모집공고,연구개발특구진흥재단,2026-09-25,https://www.k-startup.go.kr/web/contents/bizpbanc-ongoing.do?schM=view&pbancSn=179098,2026-09-21 06:20
K-Startup,[국비지원] AI 기반 서비스 개발·사업화 1인 창업가 캠프 7기 모집,넥스트러너스 주식회사,2026-09-25,https://www.k-startup.go.kr/web/contents/bizpbanc-ongoing.do?schM=view&pbancSn=178831,2026-09-21 06:20
K-Startup,앤틀러코리아 ANTLER INCEPTION  참여 기업 모집  |  Build Money-making AI,앤틀러코리아,2026-09-26,https://www.k-startup.go.kr/web/contents/bizpbanc-ongoing.do?schM=view&pbancSn=179189,2026-09-21 06:20
K-Startup,Midnight Korea Hackathon 2026 & Privacy Night 참가 안내,서울핀테크랩,2026-09-27,https://www.k-startup.go.kr/web/contents/bizpbanc-ongoing.do?schM=view&pbancSn=179179,2026-09-21 06:20
K-Startup,"강남구 개포동지역 ㈜오피스허브 1인 창조기업 지원센터 입주기업 모집(1인실,2인실)",㈜오피스허브 1인 창조기업 지원센터,2026-09-27,https://www.k-startup.go.kr/web/contents/bizpbanc-ongoing.do?schM=view&pbancSn=179249,2026-09-21 06:20
K-Startup,"하드웨어 제조 고민, 현직 엔지니어가 1:1 무료 진단합니다.",인탑스(주),2026-09-27,https://www.k-startup.go.kr/web/contents/bizpbanc-ongoing.do?schM=view&pbancSn=179112,2026-09-21 06:20
K-Startup,OCEANˈS TAP 해양 OI 리버스피칭 및 OI 밋업 참여기업 모집,주관기관,2026-09-27,https://www.k-startup.go.kr/web/contents/bizpbanc-ongoing.do?schM=view&pbancSn=179259,2026-09-21 06:20
K-Startup,2026년 서경대학교 창업보육센터 입주기업 모집(3차),서경대학교 창업보육센터,2026-09-27,https://www.k-startup.go.kr/web/contents/bizpbanc-ongoing.do?schM=view&pbancSn=179220,2026-09-21 06:20
K-Startup,2026 글로컬 Angelwave IR Camp,한국엔젤투자협회 호남권 엔젤투자허브,2026-09-27,https://www.k-startup.go.kr/web/contents/bizpbanc-ongoing.do?schM=view&pbancSn=179282,2026-09-21 06:20
K-Startup,제7회 원주권 스타트업 커뮤니티 데이 참가자 모집,상지대학교 벤처창업본부,2026-09-28,https://www.k-startup.go.kr/web/contents/bizpbanc-ongoing.do?schM=view&pbancSn=179273,2026-09-21 06:20
K-Startup,2026년 제3차 대전 팁스타운 입주기업 모집 공고,창업진흥원장,2026-09-28,https://www.k-startup.go.kr/web/contents/bizpbanc-ongoing.do?schM=view&pbancSn=178981,2026-09-21 06:20
K-Startup,2026년 모두의 창업 글로벌 재외국민 프로그램 참여자 모집 공고,중소벤처기업부,2026-09-28,https://www.k-startup.go.kr/web/contents/bizpbanc-ongoing.do?schM=view&pbancSn=178896,2026-09-21 06:20
K-Startup,[서초창업스테이션] 서리풀 소상공인 창업 클리닉(9월) - 소상공인 1:1 컨설팅,서초창업스테이션,2026-09-28,https://www.k-startup.go.kr/web/contents/bizpbanc-ongoing.do?schM=view&pbancSn=179048,2026-09-21 06:20
K-Startup,2026년 하반기 경기도여성창업보육센터 입주기업 모집 연장공고,경기도일자리재단 남부사업본부장,2026-09-28,https://www.k-startup.go.kr/web/contents/bizpbanc-ongoing.do?schM=view&pbancSn=179289,2026-09-21 06:20
K-Startup,2026년 하반기 서울창업허브 성수 입주기업 모집,서울경제진흥원,2026-09-28,https://www.k-startup.go.kr/web/contents/bizpbanc-ongoing.do?schM=view&pbancSn=179187,2026-09-21 06:20
K-Startup,연구개발특구진흥재단 × 대구창조경제혁신센터 「2026 이노폴리스 오픈이노베이션 밋업데이」참여기업 모집 공고,연구개발특구진흥재단,2026-09-28,https://www.k-startup.go.kr/web/contents/bizpbanc-ongoing.do?schM=view&pbancSn=179223,2026-09-21 06:20
K-Startup,2026년  강동 K-ISS멘토링센터 4차 교육 및 튜토링 과정 투자 유치 전략과 IR 피칭 스킬업,주식회사 이노시아,2026-09-28,https://www.k-startup.go.kr/web/contents/bizpbanc-ongoing.do?schM=view&pbancSn=179180,2026-09-21 06:20
K-Startup,[투자연계&사업화] 더인벤션랩 2026 엣지업 크리에이터스 4기 AX/LX Challenge  모집공고,더인벤션랩,2026-09-28,https://www.k-startup.go.kr/web/contents/bizpbanc-ongoing.do?schM=view&pbancSn=179038,2026-09-21 06:20
K-Startup,2026년 대전 스타트업스쿨 스타트업 리딩클래스 (5회차 ㅣ 예비 및 초기창업자가 1년 안에 가장 후회하는 3가지),대전창조경제혁신센터,2026-09-28,https://www.k-startup.go.kr/web/contents/bizpbanc-ongoing.do?schM=view&pbancSn=179257,2026-09-21 06:20
K-Startup,[인천] 2026년 IP창업존 51기 교육(모두의창업 연계과정) 모집 공고,인천지식재산센터,2026-09-29,https://www.k-startup.go.kr/web/contents/bizpbanc-ongoing.do?schM=view&pbancSn=179271,2026-09-21 06:20
K-Startup,2026 투자 유치 세미나 - 투자사 관점에서 보는 투자유치를 위한 실전 전략,서울창업허브 창동,2026-09-29,https://www.k-startup.go.kr/web/contents/bizpbanc-ongoing.do?schM=view&pbancSn=179224,2026-09-21 06:20
K-Startup,「서울소셜벤처허브」2026년  ‘허브 멤버스’ 입주사 추가모집 공고,서울소셜벤처허브,2026-09-29,https://www.k-startup.go.kr/web/contents/bizpbanc-ongoing.do?schM=view&pbancSn=179270,2026-09-21 06:20
K-Startup,취약분야 상시 컨설팅 9월 참가자 모집 공고,강동구 청년해냄센터,2026-09-30,https://www.k-startup.go.kr/web/contents/bizpbanc-ongoing.do?schM=view&pbancSn=178948,2026-09-21 06:20
K-Startup,2026 고양시 F&B 성장지원 프로그램  with G-ROUND 877 참여기업 모집공고,스타에셋파트너스(주),2026-09-30,https://www.k-startup.go.kr/web/contents/bizpbanc-ongoing.do?schM=view&pbancSn=179204,2026-09-21 06:20
K-Startup,남서울대학교 창업보육센터 입주기업 모집 (천안소재),남서울대학교 창업보육센터,2026-09-30,https://www.k-startup.go.kr/web/contents/bizpbanc-ongoing.do?schM=view&pbancSn=178706,2026-09-21 06:20
K-Startup,2026년 스마트상점 기술보급사업 참여 소상공인 모집공고(2차),소상공인시장진흥공단,2026-09-30,https://www.k-startup.go.kr/web/contents/bizpbanc-ongoing.do?schM=view&pbancSn=179106,2026-09-21 06:20
K-Startup,2026 서울게임콘텐츠센터 게임스튜디오 신규 입주기업 모집 공고,(재)서울경제진흥원,2026-09-30,https://www.k-startup.go.kr/web/contents/bizpbanc-ongoing.do?schM=view&pbancSn=179206,2026-09-21 06:20
K-Startup,블루포인트파트너스 CSprint 1기 사업가형 인재 모집,㈜블루포인트파트너스,2026-09-30,https://www.k-startup.go.kr/web/contents/bizpbanc-ongoing.do?schM=view&pbancSn=179274,2026-09-21 06:20
K-Startup,첨단기술기업 지정 컨설팅 희망기업 모집,(주)윕스,2026-09-30,https://www.k-startup.go.kr/web/contents/bizpbanc-ongoing.do?schM=view&pbancSn=179210,2026-09-21 06:20
K-Startup,(재)여성기업종합지원센터 광주센터 BI 입주기업 모집,(재)여성기업종합지원센터 광주센터,2026-09-30,https://www.k-startup.go.kr/web/contents/bizpbanc-ongoing.do?schM=view&pbancSn=179248,2026-09-21 06:20
K-Startup,2026년 체육인 직업안정(창업지원) 사업 창업교육과정(씨앗) 참여자 추가 모집(9.30.),국민체육진흥공단,2026-09-30,https://www.k-startup.go.kr/web/contents/bizpbanc-ongoing.do?schM=view&pbancSn=178561,2026-09-21 06:20
K-Startup,수원대학교 예비창업패키지 2026 Pre-WoW! 창업아카데미,수원대학교 창업지원단,2026-09-30,https://www.k-startup.go.kr/web/contents/bizpbanc-ongoing.do?schM=view&pbancSn=179214,2026-09-21 06:20
K-Startup,2026년 중소기업 동행교육,근로복지공단 인재개발원,2026-09-30,https://www.k-startup.go.kr/web/contents/bizpbanc-ongoing.do?schM=view&pbancSn=178817,2026-09-21 06:20
K-Startup,2026년 서울창업허브 창동 투자 특화 프로그램 - IR 라운드(3회차),서울창업허브 창동,2026-09-30,https://www.k-startup.go.kr/web/contents/bizpbanc-ongoing.do?schM=view&pbancSn=179222,2026-09-21 06:20
K-Startup,[도봉구청년창업센터] 제6차 스케일업 아카데미:  초기 스타트업을 위한 AI 재무관리 노하우,도봉구 청년창업센터장,2026-09-30,https://www.k-startup.go.kr/web/contents/bizpbanc-ongoing.do?schM=view&pbancSn=179225,2026-09-21 06:20
K-Startup,제2서울핀테크랩 민간위탁 운영기관 모집 공고,서울특별시,2026-09-30,https://www.k-startup.go.kr/web/contents/bizpbanc-ongoing.do?schM=view&pbancSn=179278,2026-09-21 06:20
K-Startup,2026 중장년기술창업센터 제3차 신규 입주기업 모집,(재)안양산업진흥원장,2026-09-30,https://www.k-startup.go.kr/web/contents/bizpbanc-ongoing.do?schM=view&pbancSn=179297,2026-09-21 06:20
K-Startup,2026년 9월 KICXUP 서울 입주기업 모집공고,"한국산업단지공단,씨엔티테크",2026-09-30,https://www.k-startup.go.kr/web/contents/bizpbanc-ongoing.do?schM=view&pbancSn=179230,2026-09-21 06:20
K-Startup,[동국대BMC창업보육센터] 바이오ㆍ메디컬 패키지지원 프로그램 참여기업 모집(~9/30(금)까지),동국대학교 BMC창업보육센터,2026-09-30,https://www.k-startup.go.kr/web/contents/bizpbanc-ongoing.do?schM=view&pbancSn=178200,2026-09-21 06:20
K-Startup,로봇 분야 예비·초기·재창업자를 위한 「창업 성장 프로그램」참가자 모집 공고,한국로봇산업진흥원장,2026-09-30,https://www.k-startup.go.kr/web/contents/bizpbanc-ongoing.do?schM=view&pbancSn=179233,2026-09-21 06:20
K-Startup,26년 9월 스타트업 언론 홍보 지원사업 참가사 모집 공고(2차),스타트업 데일리,2026-09-30,https://www.k-startup.go.kr/web/contents/bizpbanc-ongoing.do?schM=view&pbancSn=179255,2026-09-21 06:20
K-Startup,「2026년 강소특구 이노테크 발굴 및 창업지원사업」예비 창업자 사업화 지원 모집 공고,"한국전력공사 강소특구 육성사업단장, 나주 강소특구 공동연구기관장",2026-09-30,https://www.k-startup.go.kr/web/contents/bizpbanc-ongoing.do?schM=view&pbancSn=178786,2026-09-21 06:20
K-Startup,2026년 특허출원·등록 비용 바우처 지원사업 13차(하반기 6차),(사)한국중소기업발전협회,2026-09-30,https://www.k-startup.go.kr/web/contents/bizpbanc-ongoing.do?schM=view&pbancSn=179226,2026-09-21 06:20
K-Startup,(&apos;26년 4분기) 공공조달시장 진출지원 컨설팅 희망기업 모집,인천지방조달청 경기조달지원센터,2026-09-30,https://www.k-startup.go.kr/web/contents/bizpbanc-ongoing.do?schM=view&pbancSn=179205,2026-09-21 06:20
K-Startup,2026년 스타 IR 데모데이 참여기업 모집공고(5차),스타에셋파트너스 주식회사,2026-09-30,https://www.k-startup.go.kr/web/contents/bizpbanc-ongoing.do?schM=view&pbancSn=179144,2026-09-21 06:20
K-Startup,조선몰 콘텐츠커머스 판로 지원 사업 공고,(주)비비드몰,2026-09-30,https://www.k-startup.go.kr/web/contents/bizpbanc-ongoing.do?schM=view&pbancSn=178327,2026-09-21 06:20
K-Startup,창업부트캠프 바이오큐브 17차 교육 신청 안내,한국바이오협회,2026-09-30,https://www.k-startup.go.kr/web/contents/bizpbanc-ongoing.do?schM=view&pbancSn=179020,2026-09-21 06:20
K-Startup,2026년도 한국도로공사 청년 AI 스타트업 지원 시범사업,한국도로공사,2026-09-30,https://www.k-startup.go.kr/web/contents/bizpbanc-ongoing.do?schM=view&pbancSn=179035,2026-09-21 06:20
K-Startup,해외진출 기업 대상 AI 통역 서비스 「아네스노트」 이용권 지원 (9월),주식회사 팀제로코드,2026-09-30,https://www.k-startup.go.kr/web/contents/bizpbanc-ongoing.do?schM=view&pbancSn=179047,2026-09-21 06:20
K-Startup,충북대학교 『글로벌(G)테크벤처센터(BI) 』 입주기업 모집,충북대학교 글로벌(G)테크벤처센터,2026-09-30,https://www.k-startup.go.kr/web/contents/bizpbanc-ongoing.do?schM=view&pbancSn=179147,2026-09-21 06:20
K-Startup,국내 특허(IP) 보유기업 투자&사업화 스케일업 지원사업,(주)엠비즈플래닛 산하 혁신기술경영인증지원센터,2026-09-30,https://www.k-startup.go.kr/web/contents/bizpbanc-ongoing.do?schM=view&pbancSn=179049,2026-09-21 06:20
K-Startup,"[방송미디어통신위원회, 한국인터넷진흥원] 국민안전 LBS 솔루션 대상 (~9.30, 16:00)",한국인터넷진흥원,2026-09-30,https://www.k-startup.go.kr/web/contents/bizpbanc-ongoing.do?schM=view&pbancSn=178536,2026-09-21 06:20
K-Startup,2026 벤처확인 인증준비기업 맞춤형 무료 진단 지원사업,(주)엠비즈플래닛 산하 혁신기술경영인증지원센터,2026-09-30,https://www.k-startup.go.kr/web/contents/bizpbanc-ongoing.do?schM=view&pbancSn=179052,2026-09-21 06:20
K-Startup,호서대학교 서울창업보육센터 신규입주모집 공고,호서대학교 서울창업보육센터장,2026-09-30,https://www.k-startup.go.kr/web/contents/bizpbanc-ongoing.do?schM=view&pbancSn=179168,2026-09-21 06:20
K-Startup,2026 제조전문형 메이커스페이스 2차(일반/학생) 프로젝트 모집,국민대학교,2026-09-30,https://www.k-startup.go.kr/web/contents/bizpbanc-ongoing.do?schM=view&pbancSn=179141,2026-09-21 06:20
K-Startup,2026 예비창업패키지 INU 창업준비 아카데미(1기) 교육생 모집공고,국립대학법인 인천대학교,2026-09-30,https://www.k-startup.go.kr/web/contents/bizpbanc-ongoing.do?schM=view&pbancSn=179135,2026-09-21 06:20
K-Startup,[성동구 관내기업] 「모두의 창업⸥ 정부R&D사업 및 베트남 해외진출 컨설팅 지원기업 모집,성동구청,2026-09-30,https://www.k-startup.go.kr/web/contents/bizpbanc-ongoing.do?schM=view&pbancSn=179078,2026-09-21 06:20
K-Startup,2026년 2차 CNU Startup to TIPS 기업 모집,충남대학교기술지주(주),2026-09-30,https://www.k-startup.go.kr/web/contents/bizpbanc-ongoing.do?schM=view&pbancSn=179080,2026-09-21 06:20
K-Startup,"출연연, 대학 연구소기업 Business Development 프로그램 참여 예비창업자 모집 (9월)",연구개발특구진흥재단,2026-09-30,https://www.k-startup.go.kr/web/contents/bizpbanc-ongoing.do?schM=view&pbancSn=179085,2026-09-21 06:20
K-Startup,2026년 한라대학교 창업보육센터 9월 신규입주기업 모집 공고,한라대학교 창업보육센터,2026-09-30,https://www.k-startup.go.kr/web/contents/bizpbanc-ongoing.do?schM=view&pbancSn=179123,2026-09-21 06:20
K-Startup,2026년 09월 초기 창업기업 대상  벤처기업 인증 행정자문&전략 수립 기업모집,박준범행정사사무소,2026-09-30,https://www.k-startup.go.kr/web/contents/bizpbanc-ongoing.do?schM=view&pbancSn=179093,2026-09-21 06:20
K-Startup,"[동대문구 창업지원센터] 9월 메이커스페이스(레이저커터, 3D프린팅) 교육 일정",동대문구 창업지원센터,2026-09-30,https://www.k-startup.go.kr/web/contents/bizpbanc-ongoing.do?schM=view&pbancSn=179096,2026-09-21 06:20
K-Startup,(창업공모전) 2026 여성벤처 성장 챌린지 참가자 모집 공고,한국여성벤처협회장,2026-09-30,https://www.k-startup.go.kr/web/contents/bizpbanc-ongoing.do?schM=view&pbancSn=179105,2026-09-21 06:20
K-Startup,[롯데장학재단]「2026년 제3회 신격호 롯데 청년기업가대상」모집공고 (~9/30),롯데장학재단,2026-09-30,https://www.k-startup.go.kr/web/contents/bizpbanc-ongoing.do?schM=view&pbancSn=179058,2026-09-21 06:20
K-Startup,2026년 한국외대 창업보육센터 입주기업 모집 공고,한국외국어대학교연구산학협력단,2026-09-30,https://www.k-startup.go.kr/web/contents/bizpbanc-ongoing.do?schM=view&pbancSn=179002,2026-09-21 06:20
K-Startup,2026년 안양산업진흥원 제3차 입주기업 모집 공고,안양산업진흥원,2026-09-30,https://www.k-startup.go.kr/web/contents/bizpbanc-ongoing.do?schM=view&pbancSn=179081,2026-09-21 06:20
K-Startup,한국공학대학교 창업보육센터 입주기업 모집공고,한국공학대학교 창업보육센터,2026-09-30,https://www.k-startup.go.kr/web/contents/bizpbanc-ongoing.do?schM=view&pbancSn=179194,2026-09-21 06:20
K-Startup,12대 국가전략기술 분야 기술이전 수요 모집,(주)윕스,2026-09-30,https://www.k-startup.go.kr/web/contents/bizpbanc-ongoing.do?schM=view&pbancSn=179182,2026-09-21 06:20
K-Startup,2026 협성대학교 창업보육센터 하반기 신규 입주기업 모집 공고,협성대학교 창업보육센터,2026-09-30,https://www.k-startup.go.kr/web/contents/bizpbanc-ongoing.do?schM=view&pbancSn=179178,2026-09-21 06:20
K-Startup,"『 2026 산림분야 오픈이노베이션 』 현대건설, 한국콜마 협력 희망 스타트업 모집(~9.30. 15:00)",재단법인 서울창조경제혁신센터,2026-09-30,https://www.k-startup.go.kr/web/contents/bizpbanc-ongoing.do?schM=view&pbancSn=179186,2026-09-21 06:20
K-Startup,2026 Silicon Valley GTM(Go-To-Market) Program - Public Announcement for Service Provider,KISED Silicon Valley Office,2026-10-01,https://www.k-startup.go.kr/web/contents/bizpbanc-ongoing.do?schM=view&pbancSn=179293,2026-09-21 06:20
K-Startup,2026년 바이오벤치마킹스쿨(BBS) 16기 수강자 모집,주식회사 비티비벤처스,2026-10-02,https://www.k-startup.go.kr/web/contents/bizpbanc-ongoing.do?schM=view&pbancSn=179145,2026-09-21 06:20
K-Startup,「충북 제조창업 마스터 매칭 프로그램」 참여기업 모집 공고,"충북창조경제혁신센터, 충북Pro메이커센터, 충부테크노파크",2026-10-02,https://www.k-startup.go.kr/web/contents/bizpbanc-ongoing.do?schM=view&pbancSn=179288,2026-09-21 06:20
K-Startup,2026년 1차 홍릉벤처밸리 창업보육센터 입주기업 모집 공고,키스트이노베이션,2026-10-02,https://www.k-startup.go.kr/web/contents/bizpbanc-ongoing.do?schM=view&pbancSn=179215,2026-09-21 06:20
K-Startup,2026년 영등포 청년 창업 도약 아카데미,서울창조경제혁신센터,2026-10-02,https://www.k-startup.go.kr/web/contents/bizpbanc-ongoing.do?schM=view&pbancSn=179116,2026-09-21 06:20
K-Startup,2026년 초기창업패키지 로켓십 IR 경진대회 참가기업 모집 (2회차: 콘텐츠·플랫폼),씨엔티테크(주),2026-10-02,https://www.k-startup.go.kr/web/contents/bizpbanc-ongoing.do?schM=view&pbancSn=179246,2026-09-21 06:20
K-Startup,2026년 강북창업지원센터 하반기 신규 입주기업 모집,강북청년창업마루,2026-10-05,https://www.k-startup.go.kr/web/contents/bizpbanc-ongoing.do?schM=view&pbancSn=179092,2026-09-21 06:20
K-Startup,2026 마포 청년 창업 아이디어 경진대회(MAPO NEXT STAGE),마포청년창업취업지원센터 나루,2026-10-06,https://www.k-startup.go.kr/web/contents/bizpbanc-ongoing.do?schM=view&pbancSn=179252,2026-09-21 06:20
K-Startup,2026. 하반기 도봉구 외식업 창업 교육생 모집공고,도봉구청,2026-10-06,https://www.k-startup.go.kr/web/contents/bizpbanc-ongoing.do?schM=view&pbancSn=179286,2026-09-21 06:20
K-Startup,「민관협력 오픈이노베이션 지원」 &apos;공공데이터 활용 지원&apos; 공공기관 제안형(Top-Down) 창업기업 모집공고,중소벤처기업부장관,2026-10-06,https://www.k-startup.go.kr/web/contents/bizpbanc-ongoing.do?schM=view&pbancSn=179232,2026-09-21 06:20
K-Startup,2026 LX세미콘 x 충남창조경제혁신센터 Nexus Connect 오픈이노베이션 밋업 데이,(재)충남창조경제혁신센터,2026-10-06,https://www.k-startup.go.kr/web/contents/bizpbanc-ongoing.do?schM=view&pbancSn=179190,2026-09-21 06:20
K-Startup,2026년 민간 산림복지 창업 아카데미[2차] 참가자 모집,한국산림복지진흥원,2026-10-07,https://www.k-startup.go.kr/web/contents/bizpbanc-ongoing.do?schM=view&pbancSn=179276,2026-09-21 06:20
K-Startup,[숭실대학교 캠퍼스타운] 2026 석·박사급 실험실 창업스쿨(유형2) 참여자 모집,숭실대학교 캠퍼스타운사업단,2026-10-07,https://www.k-startup.go.kr/web/contents/bizpbanc-ongoing.do?schM=view&pbancSn=179054,2026-09-21 06:20
K-Startup,2026년 투자 유치 역량 강화 특강,동대문구 창업지원센터,2026-10-07,https://www.k-startup.go.kr/web/contents/bizpbanc-ongoing.do?schM=view&pbancSn=179183,2026-09-21 06:20
K-Startup,2026 Innopolis×LG Open Innovation Meet-up Day,와이앤아처 주식회사,2026-10-08,https://www.k-startup.go.kr/web/contents/bizpbanc-ongoing.do?schM=view&pbancSn=179250,2026-09-21 06:20
K-Startup,[임팩트스퀘어] 롯데케미칼 자원순환 스타트업 지원 프로그램 &apos;프로젝트루프소셜 5기&apos; 모집,(주)임팩트스퀘어,2026-10-08,https://www.k-startup.go.kr/web/contents/bizpbanc-ongoing.do?schM=view&pbancSn=179242,2026-09-21 06:20
K-Startup,2026-11회 호남권 엔젤투자 피칭룸 in 전남광주,한국엔젤투자협회 호남권 엔젤투자허브,2026-10-09,https://www.k-startup.go.kr/web/contents/bizpbanc-ongoing.do?schM=view&pbancSn=179265,2026-09-21 06:20
K-Startup,2026년 실리콘밸리 GTM(Go-To-Market) 프로그램 창업기업 모집공고,창업진흥원 실리콘밸리사무소장,2026-10-09,https://www.k-startup.go.kr/web/contents/bizpbanc-ongoing.do?schM=view&pbancSn=179294,2026-09-21 06:20
K-Startup,2027년도 초격차 스타트업 프로젝트 기술 사업화 및 투자유치 주관기관 모집 공고,중소벤처기업부 장관,2026-10-12,https://www.k-startup.go.kr/web/contents/bizpbanc-ongoing.do?schM=view&pbancSn=179287,2026-09-21 06:20
K-Startup,2026 관악S밸리 브릿지 데모데이(S-Boost Track) 및 투자자 매칭데이 참여기업 모집,(재)관악중소벤처진흥원,2026-10-12,https://www.k-startup.go.kr/web/contents/bizpbanc-ongoing.do?schM=view&pbancSn=179118,2026-09-21 06:20
K-Startup,신약개발 실증지원 네트워크,비엑스플랜트,2026-10-12,https://www.k-startup.go.kr/web/contents/bizpbanc-ongoing.do?schM=view&pbancSn=179195,2026-09-21 06:20
K-Startup,[무료 AI 역량강화 교육] 생성형 AI 기반 무역 금융 리스크 최적화 과정 (대전),(주)글로벌창업연구소,2026-10-13,https://www.k-startup.go.kr/web/contents/bizpbanc-ongoing.do?schM=view&pbancSn=178891,2026-09-21 06:20
K-Startup,2026 경기 스타트업 서밋(G-SUMMIT 2026) 사전등록 오픈,(재)경기도경제과학진흥원,2026-10-13,https://www.k-startup.go.kr/web/contents/bizpbanc-ongoing.do?schM=view&pbancSn=179009,2026-09-21 06:20
K-Startup,「청년창업기업·사회적경제기업·예비창업자(소상공인) 대상」 2025년 제1기 서울콜라보레이션 청년 성공창업스쿨 교육생 모집,서대문구청장,2026-10-13,https://www.k-startup.go.kr/web/contents/bizpbanc-ongoing.do?schM=view&pbancSn=179218,2026-09-21 06:20
K-Startup,구로구 청년창업지원센터_입주기업 모집·선발,구로구 청년창업지원센터,2026-10-13,https://www.k-startup.go.kr/web/contents/bizpbanc-ongoing.do?schM=view&pbancSn=179285,2026-09-21 06:20
K-Startup,2026년 과학기술분야 R&D 대체인력 활용 지원사업 4차 모집 공고,한국여성과학기술인육성재단,2026-10-13,https://www.k-startup.go.kr/web/contents/bizpbanc-ongoing.do?schM=view&pbancSn=179121,2026-09-21 06:20
K-Startup,2026 글로벌 스타트업 서밋 (일본2차) 세미나&밋업 참여기업 모집,인천창조경제혁신센터 대표이사,2026-10-14,https://www.k-startup.go.kr/web/contents/bizpbanc-ongoing.do?schM=view&pbancSn=179221,2026-09-21 06:20
K-Startup,2026 디캠프 배치 9기 모집 공고,재단법인 은행권청년창업재단,2026-10-14,https://www.k-startup.go.kr/web/contents/bizpbanc-ongoing.do?schM=view&pbancSn=179094,2026-09-21 06:20
K-Startup,2026년 하반기 화성시 벤처인증 비용 지원사업,(재)화성산업진흥원,2026-10-15,https://www.k-startup.go.kr/web/contents/bizpbanc-ongoing.do?schM=view&pbancSn=178737,2026-09-21 06:20
K-Startup,ETRI 기술활용 신사업 모델 공모전,에트리홀딩스,2026-10-16,https://www.k-startup.go.kr/web/contents/bizpbanc-ongoing.do?schM=view&pbancSn=179280,2026-09-21 06:20
K-Startup,2026년 전시회 부스 지원 참여 소상공인 모집,중소상공인희망재단,2026-10-16,https://www.k-startup.go.kr/web/contents/bizpbanc-ongoing.do?schM=view&pbancSn=179217,2026-09-21 06:20
K-Startup,「2026년 하반기 화성특례시 사회적경제 창업아카데미」교육생 모집,화성시사회적경제지원센터,2026-10-19,https://www.k-startup.go.kr/web/contents/bizpbanc-ongoing.do?schM=view&pbancSn=178698,2026-09-21 06:20
K-Startup,2026년 대한민국 물산업 혁신 창업대전(Startup Water 2026) 참가자(팀) 모집,기후에너지환경부,2026-10-19,https://www.k-startup.go.kr/web/contents/bizpbanc-ongoing.do?schM=view&pbancSn=178976,2026-09-21 06:20
K-Startup,제3회 AI 및 기술기반 창업 트렌드 세미나 참가자 모집 (AI 비즈니스 실전 전략 : 멀티모달·에이전트 AX·AI 거버넌스),경기창조경제혁신센터,2026-10-20,https://www.k-startup.go.kr/web/contents/bizpbanc-ongoing.do?schM=view&pbancSn=179236,2026-09-21 06:20
K-Startup,2026년 대전 스타트업 원스톱 지원센터 아카데미 3회차,대전창조경제혁신센터,2026-10-25,https://www.k-startup.go.kr/web/contents/bizpbanc-ongoing.do?schM=view&pbancSn=179211,2026-09-21 06:20
K-Startup,2026년 제6회 SDGs 소셜벤처 챔피언십 참가자 모집 공고,사단법인 한국지속가능소셜벤처협회,2026-10-26,https://www.k-startup.go.kr/web/contents/bizpbanc-ongoing.do?schM=view&pbancSn=179241,2026-09-21 06:20
K-Startup,코리아 핀테크 위크 2026  「핀테크 스타트업 1:1 투자 밋업」 참여기업 모집,한국성장금융투자운용,2026-10-26,https://www.k-startup.go.kr/web/contents/bizpbanc-ongoing.do?schM=view&pbancSn=179012,2026-09-21 06:20
K-Startup,2026 의왕시 ESG 인식확산 교육,ESGi 이에스지아이,2026-10-27,https://www.k-startup.go.kr/web/contents/bizpbanc-ongoing.do?schM=view&pbancSn=178597,2026-09-21 06:20
K-Startup,2026 정주영 창업경진대회: 무한(INFINITE),아산나눔재단,2026-10-27,https://www.k-startup.go.kr/web/contents/bizpbanc-ongoing.do?schM=view&pbancSn=179245,2026-09-21 06:20
K-Startup,[무료 AI 역량강화 교육]생성형 AI 기반 글로벌 무역·물류 데이터 분석 및 공급망 최적화 과정 (대전),(주)글로벌창업연구소,2026-10-27,https://www.k-startup.go.kr/web/contents/bizpbanc-ongoing.do?schM=view&pbancSn=179171,2026-09-21 06:20
K-Startup,취약분야 상시 컨설팅 10월 참가자 모집 공고,강동구 청년해냄센터,2026-10-30,https://www.k-startup.go.kr/web/contents/bizpbanc-ongoing.do?schM=view&pbancSn=179268,2026-09-21 06:20
K-Startup,"뉴패러다임인베스트먼트 '모두의 TIPS, 스타트업 챌린지' 기업모집 공고",뉴패러다임인베스트먼트(주),2026-10-30,https://www.k-startup.go.kr/web/contents/bizpbanc-ongoing.do?schM=view&pbancSn=179132,2026-09-21 06:20
K-Startup,2026년 Ready To Scale 프로그램 참여기업 모집 공고,조슈아파트너스(주),2026-10-30,https://www.k-startup.go.kr/web/contents/bizpbanc-ongoing.do?schM=view&pbancSn=178247,2026-09-21 06:20
K-Startup,2026 경기도 ESG 인식확산 교육,ESGi 이에스지아이,2026-10-30,https://www.k-startup.go.kr/web/contents/bizpbanc-ongoing.do?schM=view&pbancSn=178408,2026-09-21 06:20
K-Startup,2026년 국가철도공단 창업·벤처기업 지원사업 희망기업 모집공고,국가철도공단,2026-10-30,https://www.k-startup.go.kr/web/contents/bizpbanc-ongoing.do?schM=view&pbancSn=179209,2026-09-21 06:20
K-Startup,2026년 청주미래누리터(공공지식산업센터) 입주기업 모집공고,(사)한국산업진흥협회,2026-10-31,https://www.k-startup.go.kr/web/contents/bizpbanc-ongoing.do?schM=view&pbancSn=179173,2026-09-21 06:20
K-Startup,2026 대덕특구 딥테크 혁신성장 플랫폼(전략기술 발굴 및 매칭) (9/1 ~ 10/31),연구개발특구진흥재단,2026-10-31,https://www.k-startup.go.kr/web/contents/bizpbanc-ongoing.do?schM=view&pbancSn=179057,2026-09-21 06:20
K-Startup,[무료 AI 역량강화 교육]생성형 AI 기반 무역 컴플라이언스 및 관세·ESG 리스크 최적화(부산),(주)글로벌창업연구소,2026-11-10,https://www.k-startup.go.kr/web/contents/bizpbanc-ongoing.do?schM=view&pbancSn=179251,2026-09-21 06:20
K-Startup,2026년 사회적기업 시설·운영비 지원사업,열매나눔재단,2026-11-22,https://www.k-startup.go.kr/web/contents/bizpbanc-ongoing.do?schM=view&pbancSn=178234,2026-09-21 06:20
K-Startup,[창업보육센터]K-Tech 창업성장아카데미 교육프로그램 수강생 모집(~11월),한국기술교육대학교 산학협력단,2026-11-27,https://www.k-startup.go.kr/web/contents/bizpbanc-ongoing.do?schM=view&pbancSn=179208,2026-09-21 06:20
K-Startup,2026년 서대문구 청년창업기업 및 사회연대경제기업 수시 전문상담 경영컨설팅 신청 기업 모집 공고,서대문구청장,2026-11-30,https://www.k-startup.go.kr/web/contents/bizpbanc-ongoing.do?schM=view&pbancSn=179184,2026-09-21 06:20
K-Startup,2026년 컴퍼니빌더형 기술·경영 컨설팅 지원사업 TechBiz Venture Clinic,"주식회사 단국대학교 기술지주회사, 씨엔티테크, 충남산학융합원",2026-11-30,https://www.k-startup.go.kr/web/contents/bizpbanc-ongoing.do?schM=view&pbancSn=179024,2026-09-21 06:20
K-Startup,2026 서강리더스포럼 「세상을 바꾸는 질문」,서강대학교 창업지원단,2026-12-07,https://www.k-startup.go.kr/web/contents/bizpbanc-ongoing.do?schM=view&pbancSn=179207,2026-09-21 06:20
K-Startup,2026 SVC Seoul 멤버십(확장형) 모집공고,창업진흥원장,2026-12-11,https://www.k-startup.go.kr/web/contents/bizpbanc-ongoing.do?schM=view&pbancSn=178802,2026-09-21 06:20
K-Startup,2026 SVC Seoul Membership(Global) Recruitment Announcement,President of KISED,2026-12-11,https://www.k-startup.go.kr/web/contents/bizpbanc-ongoing.do?schM=view&pbancSn=178803,2026-09-21 06:20
K-Startup,ICT 규제샌드박스 AI 기반 규제확인 서비스,정보통신산업진흥원,2026-12-21,https://www.k-startup.go.kr/web/contents/bizpbanc-ongoing.do?schM=view&pbancSn=179267,2026-09-21 06:20
K-Startup,[영산대학교 창업보육센터] 2026년 신규입주기업 모집 공고,영산대학교 그린창업보육센터,2026-12-30,https://www.k-startup.go.kr/web/contents/bizpbanc-ongoing.do?schM=view&pbancSn=178453,2026-09-21 06:20
K-Startup,한동 알럼나이 파운더스 - 한동대 출신 창업가를 찾습니다!,포항연합기술지주,2026-12-31,https://www.k-startup.go.kr/web/contents/bizpbanc-ongoing.do?schM=view&pbancSn=178850,2026-09-21 06:20
K-Startup,[제주창조경제혁신센터]「상시매칭 오픈이노베이션 플랫폼」수요기업 및 스타트업 상시 모집,제주창조경제혁신센터,2026-12-31,https://www.k-startup.go.kr/web/contents/bizpbanc-ongoing.do?schM=view&pbancSn=178489,2026-09-21 06:20
K-Startup,2026년 중동상황 대응 「수출위기 극복 물류지원금」 지원사업 모집,서울경제진흥원,2026-12-31,https://www.k-startup.go.kr/web/contents/bizpbanc-ongoing.do?schM=view&pbancSn=179018,2026-09-21 06:20
K-Startup,(주)미래서비스 1인 창조기업 지원센터 입주기업 모집공고,(주)미래서비스 1인창조기업지원센터,2026-12-31,https://www.k-startup.go.kr/web/contents/bizpbanc-ongoing.do?schM=view&pbancSn=178289,2026-09-21 06:20
K-Startup,2026 하반기 스타트업·소상공인 언론홍보 무료 기사 배포 지원사업,(주)한국법률데이터,2026-12-31,https://www.k-startup.go.kr/web/contents/bizpbanc-ongoing.do?schM=view&pbancSn=178990,2026-09-21 06:20
K-Startup,[안양대학교 창업보육센터] 2026년 하반기 신규 입주기업 모집,안양대학교 창업보육센터,2026-12-31,https://www.k-startup.go.kr/web/contents/bizpbanc-ongoing.do?schM=view&pbancSn=178527,2026-09-21 06:20
K-Startup,2026년 서울 기후테크 기업 및 예비창업자를 위한 멘토링 지원사업 안내,서울기후테크산업지원센터장,2026-12-31,https://www.k-startup.go.kr/web/contents/bizpbanc-ongoing.do?schM=view&pbancSn=178445,2026-09-21 06:20
K-Startup,한국폴리텍Ⅱ대학 창업보육센터 입주기업 상시 모집,한국폴리텍Ⅱ대학 창업보육센터,2026-12-31,https://www.k-startup.go.kr/web/contents/bizpbanc-ongoing.do?schM=view&pbancSn=178214,2026-09-21 06:20
K-Startup,2026 명지전문대학 MJC 창업보육(Ⅰ)센터 신규 입주기업 상시모집 안내,명지전문대학,2026-12-31,https://www.k-startup.go.kr/web/contents/bizpbanc-ongoing.do?schM=view&pbancSn=178835,2026-09-21 06:20
K-Startup,[와이앤아처] 대기업·공공기관 신규 판로 개척 기업 상시 모집,와이앤아처 주식회사,2026-12-31,https://www.k-startup.go.kr/web/contents/bizpbanc-ongoing.do?schM=view&pbancSn=179258,2026-09-21 06:20
K-Startup,2026년 WEROUND 공유형 공간 신규 입주기업 상시 모집,서강대학교 판교캠퍼스사업단,2026-12-31,https://www.k-startup.go.kr/web/contents/bizpbanc-ongoing.do?schM=view&pbancSn=179115,2026-09-21 06:20
K-Startup,[온라인] AI로 나만의 수익 사이트 만들기｜바이브코딩 실전 클래스,스쿨모아 주식회사,2026-12-31,https://www.k-startup.go.kr/web/contents/bizpbanc-ongoing.do?schM=view&pbancSn=178967,2026-09-21 06:20
